"","CHROM","POS","REF","ALT","seq.21bases","trans.start.pos","trans.end.pos","trans.strand","trans.Ensembl.gene.ID","trans.gene.symbol","POS2","bothstrand","count"
"1","1",17699575,"C","T","AGTGCCAGTGCTTCACCATCC",17698691,17728195,"+","ENSG00000276747","PADI6",17699575,FALSE,1
"2","1",176998868,"G","T","GTTCAAGAAGGCGGAACCAGC",177134109,176826438,"-","ENSG00000152092","ASTN1",176998868,FALSE,1
"3","1",180885810,"G","A","TCCAGAAGCCGAATGGACACT",180882033,180920750,"+","ENSG00000135835","KIAA1614",180885810,FALSE,1
"4","11",110457015,"G","A","GAGATCTGATGAAAAAATACT",110583912,110447766,"-","ENSG00000137727","ARHGAP20",110457015,FALSE,1
"5","11",111853109,"T","C","CCAGGGAGCCTGGAACCTATC",111797868,111893308,"+","ENSG00000150764","DIXDC1",111853109,FALSE,1
"6","11",30034068,"C","A","ACCCCCGCTACCTTCGACAGC",30038577,30031277,"-","ENSG00000182255","KCNA4",30034068,FALSE,1
"7","12",15262329,"G","T","TGGGCTTTTTGATCTCATCTA",15501609,15260717,"-","ENSG00000134533","RERG",15262329,FALSE,1
"8","13",77595879,"G","A","TGTCCTGAAGGAGATTACCCC",77601330,77566733,"-","ENSG00000005812","FBXL3",77595879,FALSE,1
"9","15",40632158,"C","T","AACTATCCTCCGATCCAGCTC",40633168,40623653,"-","ENSG00000188549","CCDC9B",40632158,FALSE,1
"10","16",75573861,"C","T","GAGGCAGCCACGGTCCTGCTG",75590166,75570639,"-","ENSG00000205084","TMEM231",75573861,FALSE,1
"11","17",18498061,"T","A","AAGTTGTTCATCAGCAACATA",NA,NA,NA,NA,NA,18498061,FALSE,1
"12","17",55197777,"G","A","AACAAACATTGTCCTCTCCAG",55162453,55198707,"+","ENSG00000121057","AKAP1",55197777,FALSE,1
"13","18",28721981,"C","T","ACACAGCACTCCTTCATTTGT",28742819,28709199,"-","ENSG00000134765","DSC1",28721981,FALSE,1
"14","2",54040191,"G","A","TCTTCAAGACGATGGTACCCA",54087297,53897430,"-","ENSG00000270898","GPR75-ASB3",54040191,TRUE,2
"15","2",54040191,"G","A","TCTTCAAGACGATGGTACCCA",54014181,54045956,"+","ENSG00000068912","ERLEC1",54040191,TRUE,2
"16","20",18163816,"C","T","GTCACAGATTCGTTCCCACCT",18118762,18169031,"+","ENSG00000149474","KAT14",18163816,FALSE,1
"17","20",4158147,"G","A","CAAGAATGGCGTGGCCTGCTA",4101627,4168394,"+","ENSG00000088826","SMOX",4158147,FALSE,1
"18","22",39822792,"C","T","CCGGGTGAAGCGCATCCACAG",39795783,39833065,"+","ENSG00000100324","TAB1",39822792,FALSE,1
"19","3",124567275,"G","A","TCTCCTCCGCGAGTTTGGTGC",124620265,124480795,"-","ENSG00000082781","ITGB5",124567275,FALSE,1
"20","3",130116570,"G","T","GAGCTGTGGGGCTGGCACAGA",NA,NA,NA,NA,NA,130116570,FALSE,1
"21","3",178952085,"A","G","AATGATGCACATCATGGTGGC",178865902,178957881,"+","ENSG00000121879","PIK3CA",178952085,FALSE,1
"22","3",48445853,"G","A","GGGCTGCCCAGGCCAGGCTGA",48471495,48445261,"-","ENSG00000164050","PLXNB1",48445853,FALSE,1
"23","5",140347381,"C","T","GGGTCCAGTGCCCATGGCAGG",140165721,140391932,"+","ENSG00000204970","PCDHA1",140347381,FALSE,15
"24","5",140347381,"C","T","GGGTCCAGTGCCCATGGCAGG",140174437,140391932,"+","ENSG00000204969","PCDHA2",140347381,FALSE,15
"25","5",140347381,"C","T","GGGTCCAGTGCCCATGGCAGG",140180613,140391932,"+","ENSG00000255408","PCDHA3",140347381,FALSE,15
"26","5",140347381,"C","T","GGGTCCAGTGCCCATGGCAGG",140186659,140391929,"+","ENSG00000204967","PCDHA4",140347381,FALSE,15
"27","5",140347381,"C","T","GGGTCCAGTGCCCATGGCAGG",140201189,140391932,"+","ENSG00000204965","PCDHA5",140347381,FALSE,15
"28","5",140347381,"C","T","GGGTCCAGTGCCCATGGCAGG",140207563,140391929,"+","ENSG00000081842","PCDHA6",140347381,FALSE,15
"29","5",140347381,"C","T","GGGTCCAGTGCCCATGGCAGG",140213969,140391929,"+","ENSG00000204963","PCDHA7",140347381,FALSE,15
"30","5",140347381,"C","T","GGGTCCAGTGCCCATGGCAGG",140220772,140391932,"+","ENSG00000204962","PCDHA8",140347381,FALSE,15
"31","5",140347381,"C","T","GGGTCCAGTGCCCATGGCAGG",140227048,140391929,"+","ENSG00000204961","PCDHA9",140347381,FALSE,15
"32","5",140347381,"C","T","GGGTCCAGTGCCCATGGCAGG",140235468,140391932,"+","ENSG00000250120","PCDHA10",140347381,FALSE,15
"33","5",140347381,"C","T","GGGTCCAGTGCCCATGGCAGG",140247768,140391929,"+","ENSG00000249158","PCDHA11",140347381,FALSE,15
"34","5",140347381,"C","T","GGGTCCAGTGCCCATGGCAGG",140254887,140391932,"+","ENSG00000251664","PCDHA12",140347381,FALSE,15
"35","5",140347381,"C","T","GGGTCCAGTGCCCATGGCAGG",140261709,140391932,"+","ENSG00000239389","PCDHA13",140347381,FALSE,15
"36","5",140347381,"C","T","GGGTCCAGTGCCCATGGCAGG",140305954,140391929,"+","ENSG00000248383","PCDHAC1",140347381,FALSE,15
"37","5",140347381,"C","T","GGGTCCAGTGCCCATGGCAGG",140346055,140391932,"+","ENSG00000243232","PCDHAC2",140347381,FALSE,15
"38","5",169931469,"G","T","GAGCTGCCGGGCGCTTTTCTC",169780491,170163636,"+","ENSG00000182132","KCNIP1",169931469,FALSE,1
"39","6",161969946,"C","A","GCTCCGGCAGCAGCCCCGCTC",163148803,161768449,"-","ENSG00000185345","PRKN",161969946,FALSE,1
"40","7",65150699,"C","T","GTCTGCAGTCCATACATACCA",NA,NA,NA,NA,NA,65150699,FALSE,1
"41","7",65150718,"T","A","CATGAGAAAATCTCTAACAAC",NA,NA,NA,NA,NA,65150718,FALSE,1
"42","7",72663998,"T","G","ATAGCCGGGGTCCTTGAATAC",NA,NA,NA,NA,NA,72663998,FALSE,1
"43","8",29043966,"T","C","GCTGTGCCCATCATGGTATAA",29120641,28924795,"-","ENSG00000197892","KIF13B",29043966,FALSE,1
"44","8",67793183,"A","G","ATAGAAGCAAATAGCATAACT",67782984,67834283,"+","ENSG00000178460","MCMDC2",67793183,FALSE,1
"45","9",34241537,"A","C","TCTGGAGTTAAAAACTATTGA",34179003,34252521,"+","ENSG00000165006","UBAP1",34241537,FALSE,1
"46","X",141290731,"A","G","TGCGGTATCAATTGTGGCCTG",141293076,141290128,"-","ENSG00000046774","MAGEC2",141290731,FALSE,1
"47","X",27765172,"G","A","GACCGGAGATGGCAGTGATAG",27608499,27766938,"+","ENSG00000189186","DCAF8L2",27765172,FALSE,1
