InsDel1a	InsDel1b	InsDel1c	InsDel2a	InsDel2b	InsDel2c	InsDel3a	InsDel3b	InsDel4	InsDel5a	InsDel5b	InsDel5c	InsDel6	InsDel7	InsDel8	InsDel9	InsDel10	InsDel11	InsDel12	InsDel13	InsDel14	InsDel15	InsDel16	InsDel17	InsDel18	InsDel19a	InsDel19b	InsDel19c	InsDel23	InsDel_A_alpha	InsDel_A_beta	InsDel_B	InsDel_C	InsDel_D	InsDel_E	InsDel_F	InsDel_G	InsDel_H	InsDel_I	InsDel_J	InsDel_K	InsDel_L	InsDel_M	InsDel_N_alpha	InsDel_N_beta
1	0.00714454314844149	0.00225920966805746	0.000690703982238978	0.00712382066218514	0.000468686659931679	0.00138722488783421	0.0392327170494752	0.0619077763402686	0.00431954284387207	0.0234299557635261	0.0374400878279875	0.0211865533224919	0.0104568597889901	0.00131284903344572	0.0101107116451714	0.0421574980727736	0.00923322851470872	0.00137085728467207	0.0235884712353079	0.0165990394788955	0.00742544643745421	0.00946112710818593	0	0.00531009013671003	0.000915031190559267	0.0221582168662102	0.0110180173297107	0.00308056716505246	0.0180898262452205	0.0747298931400952	0.195745470058747	0.0266590035114253	0.00314399707094967	0.000841331686020314	0.00716783087799571	0.00185139584741838	0.0182754978558009	0.00537601418986305	0.0775874719213157	0.00780415638445909	0.00415009483507652	0.000452642468624063	0.115455836511871	0.000166759528370988	0.00375740197830616
2	0.00828971794677137	0.0072779716896816	0.00124614407656307	0.0242845427697679	0.000263414159493521	0.000991915243567833	0.0274635835843152	0.03370680901705	0.00291253376314273	0.0301369526568095	0.0217950102943568	0.036837517052457	0.024886745827568	0.000662016170821577	0.0118258752254785	0.127019579321656	0.0135042453007612	0.000385561031428709	0.0142022021969724	0.0278206453899263	0.0146230206840643	0.00726724256136021	0	0.00382426215178196	0.00216251372892939	0.0240967192497793	0.0131749255678151	0.00190984080146121	0.0127825504525884	0.152926749268912	0.18377708092839	0.0249118959672524	0.0150522869972061	0.00105300897182337	0.0166506368169778	0.000507772537564012	0.0396065447206059	0.00837957883661777	0.0733347505935561	0.00676704235463518	0.0206002461824674	0.000423408127615993	0.017676307054888	0.000377696632267215	0.00757077347872155
3	0.00464714809109534	0.0067505265845747	0.000925529417363021	0.002085805466353	0.000431659332331319	0.000537989073199095	0.0610039098358148	0.0941492727191335	0.00488189818097301	0.0172800470841865	0.0614676345408519	0.0135590606467831	0.00518662374510124	0.000271106833926615	0.00673268300028901	0.0181238212369589	0.00591313490893423	6.03106921929376e-06	0.0105105065579517	0.00844803659781655	0.00748205361441212	0.0488139311668723	0	0.00285585872713672	0.00043343221946195	0.0131449967428177	0.00855295692657593	0.00127854338266699	0.0669593888177397	0.0716151974545685	0.031944563511087	0.0195581305991889	0.00268883933172417	0.000355359364452086	0.00310147635255748	0.00053669758590896	0.0157089500141164	0.00838546946242313	0.000134514299904805	0.001745297316148	0.0131641732453676	0.000225625178573744	0.00785812701339057	0.000374597067132402	0.000565536739497603
4	0.0057116767570941	0.00174771725296691	0.000904399994562235	0.00635815317855905	0.000259902907034263	0.000342352197046478	0.0278453997988312	0.0532529854794756	0.0055219944645749	0.0233412649640604	0.0275497517275892	0.0202642108776285	0.0111722619903542	0.000284825577420305	0.0149287471500985	0.0492311037021353	0.00284463757405433	0.000586865774897892	0.014299641339958	0.0194826198892404	0.00554215396365293	0.0409982174688057	0	0.00212802279643924	0.00128883589152455	0.016645115362392	0.00632891294261144	0.000920677043954463	0.0422938098454116	0.0707528367585263	0.0438490588150173	0.0229677671417794	0.00114330811853029	0.00017699771780046	0.00477436789622181	0.00133302187605864	0.0147282719295597	0.00934220527031018	0.000109116495027674	0.00161381220324067	0.00515982636515634	0.00037996909357843	0.00636223278296586	0.000190396636641988	0.00193226975098236
5	0.0020057773802053	0.00131163131670633	0.00116431596518152	0.0029280318568695	0.000662250303835698	0.00085979302237132	0.0524062131136669	0.0924541879639085	0.00322194856169864	0.0135196616108595	0.038523803886745	0.00933481784835362	0.00444458232357248	0.000334293640069191	0.00537788873985251	0.0121368225415697	0.00744193354669028	0.000395058778230746	0.00390361422056874	0.00431499650476239	0.00238791715279259	0.0629370629370629	0	0.000924333458804009	0.000632439662215557	0.00861836787960169	0.00423074125568885	0.00189424621901915	0.0330065323777559	0.03187755239028	0.00917258687703226	0.0134594038486126	0.0013903364598192	0.000298745137384025	0.00376286789839331	0.00062677363192111	0.010337964423355	0.0024783171791102	0.00341083112905471	0.0011605890674733	0.00529430036058441	0.000136040227071943	0.00479590041920868	0.000376355924140506	0.000866712372044579
6	0.00236551225245839	0.00118859548022897	0.000713293313153043	0.00183009505798533	0.000576374432022143	0.000611310374258988	0.0197286664694263	0.0385439700098	0.00177289813929614	0.0150504272169907	0.0160208342290783	0.00733441148217434	0.00245264544274607	0.000322172284516547	0.00537840876623901	0.0124650811439935	0.00221431843471234	5.12878327310021e-06	0.00433183202568825	0.00503136627991344	0.00189353837283066	0.0515562868504045	0	0.00211302992146232	0.000671921729871699	0.00800974273030875	0.00112538472255201	0.000789336679379218	0.0192412443069012	0.0207676030153168	0.010679469001273	0.0112301183424963	0.00170674126708696	0.000200687596780953	0.000934843461859397	0.00026636102411778	0.00518378802788899	0.00247913532158317	0.000114760451667037	0.000831780927166211	0.00288779415372211	0.000252126856312982	0.00164206353601058	0.000232385509805523	0.000579978943291605
7	0.00356511610061959	0.00147065504958616	0.0033373499469551	0.00244852583197889	0.0123965704408086	0.008711065053579	0.0520167180744136	0.0530994430200437	0.00535712752997714	0.0100989512250309	0.0277711497116753	0.00723354600067825	0.00376542405106322	0.00500240746907386	0.00439282427424355	0.0143053910519942	0.00344717017755763	5.65115934721226e-06	0.00374183188603016	0.00462703877440401	0.00358385698038241	0.106129164952694	0	0.000530145787535969	0.000459554816655971	0.00878731222307045	0.00292870916344789	0.00127766353268485	0.0184886617825378	0.012043262391671	0.0129966549819589	0.00898663382951027	0.000358912930931116	0.000887481672066316	0.00174598996055773	0.00130104891549742	0.010665675582888	0.00752871066473258	0.000113819792227143	0.00982915245093999	0.00506934391207839	0.000302706906628531	0.00318030207780279	0.00439921864407611	0.00241934096533548
8	0.00235988838994197	0.000807469134089244	0.00188108898763682	0.00269811989203234	0.0111670375079853	0.00489561486184231	0.0271629904464333	0.0277297161682705	0.0015361217403541	0.00962515856961205	0.015163280412537	0.0068076589082894	0.00302157921376773	0.00593788435156569	0.00366909996576612	0.0107866938210092	0.00397568131721542	5.98358048528357e-06	0.00240864979871653	0.00400410404608435	0.00192481383809991	0.0669134786781846	0	0.0010364392739723	0.000646477730715519	0.00486516369922835	0.00137735230410516	0.00111770276064461	0.0245182111690658	0.00821523293012781	0.00393618505127023	0.00687447592632718	0.000321618067717045	0.00085516103019156	0.00448223585505081	0.00119080605110566	0.00627654330801976	0.00239633930331896	0.000114760451667037	0.0100760616585079	0.00336912198411986	0.00061825217465214	7.12524470126088e-05	0.00318986190024975	0.00149859979104959
9	0.00435242877572207	0.000864098324742267	0.000442864957589041	0.00385810887424114	0.00277547184725531	0.00298836243800546	0.0381501772802465	0.0506275748012529	0.00391343478180607	0.00943634834202111	0.0208234286478487	0.0104979203444587	0.0022613415297837	0.00135804093794734	0.00512312064032965	0.0135920247706915	0.00248205635395171	0.000196508381334154	0.0100075164181138	0.00933651899489589	0.00223971956351678	0.0740436034553682	0	0.00210246675954677	0.000460980557987998	0.0118459613070647	0.00213708712971909	0.000441361068052118	0.0166467784391479	0.0139705630271298	0.0154639146375587	0.00981484452430735	0.00135985893719264	0.000258509236274636	0.00168246707000039	0.000613943487611502	0.00727503873908758	0.00850704543390595	0.000165556061421299	0.00855881990340231	0.00262205014041398	0.000379427716893095	0.00152276658186947	0.000939184318497605	0.000267240728699775
10	0.00564819561901868	0.00175177689809651	0.00195704607069185	0.0107075302859874	0.0242916638053861	0.0217935490889837	0.0204652382273248	0.0197296919761269	0.0040232306567869	0.00186564182985948	0.00784105469379535	0.00451662340454431	0.00222488146121148	0.0327105872117517	0.00258130339090737	0.00705537722817113	0.00217508155603956	0.000353506135971833	0.00844642037746063	0.0024115642373761	0.00185563986785734	0.0180995475113122	0	7.04210794370221e-06	0.00107792213774339	0.0074379559581481	0.00162257245001214	0.00723994165360806	0.00613289962646117	0.00222885851642057	0.0105444153460933	0.00206177131403381	0.00616207385104752	0.00648936105869767	0.0050901509641901	0.00181103811649145	0.00731172274580294	0.00217004109529642	0.00013075166214523	0.075888924231908	0.002769645819825	0.0034649912450367	0.00153823854179221	0.0221924302028446	0.00955169727575796
11	0.00942598806214028	0.014919939166618	0.00427047716568185	0.0106684797544427	0.00489211569140522	0.00285579611286728	0.0269215694285866	0.0183897090188531	0.00577763206361739	0.0571303617979887	0.029109763517222	0.0193897631363612	0.0102822796866585	0.00317466758683432	0.016285424264693	0.0415449780932377	0.019374052334748	0.000769554934635082	0.0176988989818926	0.208411945204947	0.00793573183414131	0.0153571918277801	0	0.00783088082458995	0.291612714695396	0.0217948210505503	0.0115932176362573	0.0169144180945781	0.128384452611077	0.00661785307281188	0.0112607491873781	0.0288572739644401	0.2383743289431	0.00258794319764019	0.00809801738988838	0.00320892149204579	0.00490142820617747	0.0333721951007992	0.0600413513889777	0.00813773242670543	0.0760391217091893	0.000589971687803946	0.0296121098216002	0.0157556568591562	0.0076427855322299
12	0.00382903894269711	0.0111925331072923	0.0024882119222292	0.00588745574077055	0.00481617900488633	0.00309579663540361	0.0129021810120732	0.00448860997646775	0.00325588049849769	0.0447364119882282	0.0231208417236159	0.0133370699694107	0.0043411324513509	0.00119164344096983	0.00903197966818766	0.0190161194694281	0.0112476495322643	0.000382616729920077	0.0101393375725757	0.00735355266057246	0.00459358749936918	0.0422322775263952	0	0.00363537464355008	0.187506247900116	0.00826808416224081	0.00530387258126008	0.00248258268696132	0.0100592448556749	0.00406750631580835	0.00416005745130436	0.0220798072249272	0.00135143751646689	0.00108307130527242	0.00362676984374782	0.000970380557741432	0.00659922825496216	0.0146472046935197	0.0141588058892806	0.00119153956234747	0.060518748692817	0.000282572849902515	0.00622054220262079	0.00531651886307471	0.0034190391632306
13	0.00457871553936654	0.00465825409849479	0.0011990345685206	0.00502071168051584	0.00454119643895704	0.00118482256859357	0.0120938923161861	0.0119300614445616	0.00129169152108144	0.0406006569774451	0.0199743681105905	0.0109972353674006	0.0054213379694222	0.00102501979335661	0.01164651991797	0.0248355219827898	0.00572836194947245	0.000193801523495574	0.0147460850272569	0.00827624310709446	0.00406518780605555	0.0392156862745098	0	0.00152637689679745	0.0955515526953722	0.00863636549529584	0.00426411504693263	0.00212944933435961	0.0397991599606819	0.0040860963647553	0.00421115443781304	0.0222740848168372	0.00587494350630263	0.0005416027311043	0.00242313141583157	0.00195090476009196	0.00112497970364989	0.00801910526302871	0.0321206978940516	0.0014654623400454	0.0356678612761211	0.000322170687458419	0.00648682277602791	0.00409853012275971	0.00255773596302069
14	0.00525470914850801	0.000543054726520748	0.00200219856929214	0.00867099540327672	0.00523339070376529	0.00124726981583023	0.0249591472151839	0.0248655451840565	0.00485951986819684	0.0259657398905101	0.0213918731165575	0.0164443853516648	0.00680697592558828	0.0014332662839168	0.0100118886997926	0.033798089242891	0.0123024150935262	0.00058629591008977	0.0176201278042263	0.0499823248242817	0.00807555156122736	0.0190593720005485	0	0.00495838227787658	0.00192533343291588	0.012669092189469	0.00642587945659143	0.00178094783568686	0.0745099538597405	0.00914431465215127	0.00634860627140229	0.0202655692477256	0.0625142111474747	0.000636183371111368	0.00322035938991025	0.000351449577412392	0.00838491881869188	0.00982016410301723	0.0282329524289708	0.00184140459666615	0.00941347215924316	0.00047937616494273	0.00622298514366122	0.00263455726163971	0.00347087343020425
15	0.00329004380369798	0.000941563215187254	0.00128855990153166	0.00643897261867689	0.00698645137826397	0.00278008028646107	0.0156319416113665	0.0130899660184469	0.00316445379231034	0.0290427235369338	0.0192124662159988	0.0107625959026157	0.00569980022341012	0.00206101267037604	0.0096573562278118	0.0276176318573107	0.00872889093863613	0.000192519327677298	0.0167192427437327	0.00729234047935685	0.00896903924233105	0.0590977649801179	0	0.00238176584718489	0.00268246377095312	0.0143224221947668	0.00787620647473519	0.00530523244862867	0.00896019805547327	0.0120688364809918	0.00814260393532831	0.023579950765571	0.0111379304398668	0.00103420464126877	0.0105238173950267	0.00118437290832507	0.0064231219378272	0.00667080646757988	0.0140722652208104	0.00228371604828114	0.00840428570418188	0.000429801528471374	0.0147981153524187	0.00194209832787321	0.00362110956158064
16	0.0045344363961737	0.000451203826010837	0.00105357225439503	0.00542232574824243	0.00540694020865154	0.00094232363674796	0.0187746546222727	0.0251980877636881	0.00533057606278261	0.0275560875208977	0.0238650795485307	0.0162580673119043	0.00787211245273987	0.000980168707418682	0.010178162653889	0.0371696705375234	0.00688768136933116	0.000584063939591291	0.018909262335049	0.00685538650111792	0.00502298124018343	0.0622514740161799	0	0.00332415890539291	0.00102141342841054	0.0144050347179444	0.00602247034817932	0.000660140317059301	0.0255706700372768	0.0164447224383682	0.00417816823322219	0.0230751486107877	0.00234075394172617	0.000837653550020039	0.00240314315867102	0.000800107074481337	0.00486261409266485	0.00422145153201269	0.00324997836483288	0.00188706747466712	0.00364736283931651	0.000185279725595235	0.00293030777799855	0.00135878941068193	0.00276850276527872
17	0.0029521487789656	0.00288026675916711	0.00074341765368403	0.00236527553547976	0.00499674633302115	0.00718109321223614	0.00834397726575119	0.0078451651866702	0.00258598898575163	0.0193391077216405	0.0127880420871636	0.00660893410222505	0.00543035504825583	0.00141164978688408	0.00763457014197491	0.0239504454190091	0.00947103990685157	0.000193659057293543	0.0114352440133151	0.100472450754582	0.00850545476663422	0.017139723022076	0	0.00393176788030961	0.00400030116043829	0.00770604478527005	0.00536311291894669	0.00304132787849268	0.0690807997530733	0.00523611297499108	0.00384230540927304	0.0147304670798582	0.0705586730407464	0.00075790843120557	0.00465072325834126	0.000344353845019567	0.00289511943844593	0.00617353947251082	0.0105128099002525	0.00128440466954693	0.0157367810932461	0.000254240803370003	0.0101121472800294	0.0113533503464175	0.00605122370004823
18	0.00220765804054272	0.00216000566383391	0.000872344807816911	0.003403329625014	0.00463110322859383	0.0090192056645224	0.00675712965531316	0.00379318257981865	0.00170576320096762	0.0203584857052639	0.0100651972013161	0.00613586563161287	0.0046076867577855	0.000856706386415915	0.00713905672342025	0.0182118442497904	0.00628226394644392	4.46394099695759e-06	0.0115359786851624	0.00549789386544595	0.00473632249606856	0.0414095708213355	0	0.000758957504513196	0.00231181900630545	0.00522215318320732	0.00407594665799471	0.0039727148205056	0.00729063651110153	0.00398863233833317	0.00480262871673416	0.0149317281779812	0.00683137628872801	0.000737214723799768	0.00118495830276883	0.000280853665999901	0.00576639846978164	0.0083226361204993	0.0143394125017402	0.000874882760696958	0.00972028292211899	0.000197886068410884	0.00159198324468172	0.00738622570272456	0.00432573929111274
19	0.00348315595547885	0.00268972645733741	0.00110355448485395	0.00324921855808814	0.00407684500539506	0.00603401428448641	0.00958701268463827	0.0098549479313473	0.00160629998343312	0.0185748584993059	0.0115330042455303	0.0105547889360025	0.00682308508889779	0.00136717774215251	0.00727201312489217	0.0275491351124045	0.00485526774995322	0.000193611568559533	0.00888315833036853	0.00618350971715101	0.00654976171350378	0.0486768133826957	0	0.00181601198157875	0.00202156411830209	0.00977187793591523	0.00746861841597184	0.00368872554063823	0.0280243011221159	0.00574155434783079	0.00348665086256937	0.0161853527656614	0.00633290838577004	0.000524352385060458	0.00379431539198882	0.00037789292648243	0.00425344552119652	0.0100184818384643	0.00340236519409567	0.00183015234808954	0.00631886856677868	0.000184609449699107	0.00661833443537118	0.00490800787477857	0.00374519464061664
20	0.00797623183306571	0.0319010802395493	0.00377395142780008	0.0498041696871582	0.124100283692345	0.0242178319964917	0.0130368170901894	0.00472155786702298	0.0161250140023909	0.0152500441701994	0.00821037232364728	0.0140210407292356	0.00569678102173324	0.0491375132351872	0.00674765617383126	0.0243383144921642	0.00745237225729341	0.00185191816019527	0.00738276834270767	0.0191569910778048	0.00581780261184948	0.0106951871657754	0	0.000999468207267864	0.0470256170622194	0.0041646908229078	0.00292085504925021	0.00490280727059077	0.00531081004954171	0.00698795912973231	0.00430740185668772	0.00569602700756214	0.0287527354579107	0.0130830626745095	0.00253699122625394	0.00492236618219721	0.00314397467393259	0.00532872555492559	0.00315591242084351	0.0237297389709914	0.146177513863385	0.00855589135518624	0.00480282208548991	0.135554580349189	0.0409568370151249
21	0.00605437438633689	0.022449151429532	0.00398247235365727	0.0244146327935281	0.0498111189623756	0.0440934182250571	0.00597625066804749	0.00251097544908536	0.0093574878426809	0.00979862542812745	0.00510510222632716	0.0105975247685995	0.00252133059230347	0.0217278300351201	0.00346642416461482	0.0138602890263075	0.00528680115590877	0.00132308361825782	0.0053972122036247	0.00358224778976297	0.00232816827751352	0.0233100233100233	0	0.000379592334642787	0.0390088928970499	0.00217237682919189	0.00156348902943358	0.00587901599560188	0.00176263030965874	0.00198784300954296	0.00815303299836882	0.00370004150569981	0.0154986222956713	0.00877306986431513	0.00377736200109873	0.00316921430364723	0.00361931377696623	0.00104149536808639	0.0033525102437813	0.0170981322765846	0.0638948104125388	0.00898430077218104	7.12524470126088e-05	0.0362636400859589	0.0266498216484088
22	0.00383676157567336	0.0117932919727539	0.00223262858213965	0.024776203076565	0.0812302694531392	0.0160573545437203	0.00604315294186247	0.00373155029839192	0.00396666527986732	0.0111868360056669	0.00540307883957588	0.00533171865341646	0.00451732009283039	0.0302003486000567	0.00332122921111585	0.0181449504160011	0.00560028486229604	0.00111650762531351	0.00238495816135211	0.00204234820420928	0.0042578503328318	0.018510900863842	0	0.000370221787782215	0.0563119227564055	0.0029642404002676	0.00373925209688951	0.00282768614432373	0.00384880577459024	0.00238808502036575	0.00179922123276261	0.00412721429523248	0.0179568751075235	0.00633841214600554	0.00244003248144114	0.00246400210872156	0.00472545829982263	0.00353699353912889	0.0139142344349082	0.0160111868602072	0.0622281704235275	0.00849587588264057	0.0113971342672968	0.0581112451296146	0.0209238091464204
23	0.00469440482100743	0.0177410837699539	0.00173809124957345	0.0159626497087337	0.0685898308248602	0.0120845019683998	0.0113550518146151	0.00595810476714422	0.00670108370988763	0.00607225201779807	0.00583155312621711	0.00800163820267023	0.00155164001346496	0.0258118381799193	0.00253285127724129	0.0137390321706535	0.0043067240687546	0.00112714510173179	0.00262947032712846	0.0067612967660032	0.00568576637159515	0.011517893870835	0	0.000394982747971362	0.00099241878497556	0.00203377785264001	0.000956591467060741	0.00201157977640747	0.00213319179169904	0.00235514823787973	0.00314673932090605	0.00226304779954335	0.0159229014922357	0.00540880519597863	0.00548138708667541	0.00108617712779209	0.00759468067631961	0.00398599012829292	0.000208826395656411	0.0127659212165506	0.0250992820909992	0.00268048486830252	0.00347549078685502	0.0319865998664374	0.0169457931887376
24	0.00264837597148838	0.00543711131113535	0.00395685332095973	0.0137608165920951	0.0553710935982115	0.0606355472819482	0.0079909361123835	0.00501516316483797	0.00533839389354888	0.00615371667520368	0.00618684537273046	0.00464841663612849	0.00118143995818993	0.0232145108695401	0.0017756659605844	0.0130806824145361	0.00144653403875375	0.000353981023311935	0.00800283013588329	0.0024893336964671	0.00182122270426693	0.0334567393390923	0	3.91859232351171e-06	0.00165479216063806	0.0028651274360815	0.00138151473686607	0.0060344561591132	0.0012923599432891	0.00343394807153215	0.00281497943856901	0.00296585839565758	0.0160997513274766	0.00538361723121079	0.00124481842368941	0.00141156886281793	0.00481037925701581	0.00319108290155864	0.000125107705505868	0.0104498651705444	0.0147866222743391	0.00555736057417071	0.00329104873830238	0.0195521168148201	0.0152343562791397
25	0.00203565292144643	0.00281706208696613	0.00122105877371339	0.00994988724224362	0.0644722459275979	0.0105720657400053	0.00581724356061765	0.00516868255032504	0.00289775460055195	0.00551223064920955	0.00493509752505047	0.006188167666976	0.00161625903458953	0.0219293636963602	0.0011126323178001	0.0138092952025068	0.00149234096850902	5.12878327310021e-06	0.00350473466019229	0.00111635381108176	0.00290120272985847	0.0213903743315508	0	0.000410429952493031	0.000345749127542268	0.0017789035620851	0.00266543529131996	0.00191827522542793	0.00247687150148728	0.00163811207901443	0.000904183498442391	0.00213347180087415	0.00891748250850864	0.00393219569816617	0.000646217214483575	0.000494038861964995	0.00430216515597324	0.00381352569499158	0.00353499817512069	0.00679981827482323	0.0149697408915438	0.00197803572915976	0.00160134785200337	0.0203858939878487	0.0129531258446538
26	0.00328254999987555	0.00453740246545336	0.000809286196085293	0.00904474610646074	0.0506676445239471	0.0528167208094732	0.00412293346708997	0.00193731325260871	0.00478773796752473	0.00508740589672963	0.00469901832687067	0.00452983266189247	0.00131516289957429	0.0190051754572985	0.00278395229414213	0.0138745986925508	0.0042534243903875	0.000552009044134415	0.00430004222898721	0.00512122283343983	0.00263676230269958	0.0071301247771836	0	0.000183321971308635	0.0014078784382232	0.00302166098939339	0.00116897464340938	0.00366980370941314	0.000666475174201381	0.00132809160868391	0.00235366058937871	0.00245729224938996	0.00349849878150063	0.00242612757311746	0.000911454061464728	0.00292792326103959	0.00298512956705128	0.00203079324639751	0.00014580221318353	0.00877345722613001	0.0175007236203234	0.00297004405543006	0.0017393740207878	0.0418555406906715	0.00930487685635831
27	0.00275090827871491	0.00327645381695668	0.000598059992469804	0.0107138034637456	0.0335749143689795	0.0427716194570975	0.00625603501215574	0.00170370331733017	0.00440727020356629	0.00407125577553581	0.00436840374505161	0.00371497943412892	0.00195489593676379	0.0136715831230915	0.00112738134203783	0.00992903126453456	0.00280693481898456	0.000367705267440879	0.0046200300435683	0.00184017623851911	0.00134057116471729	0.021664609899904	0	0.000190023332093771	0.000821686260465284	0.00263429461903047	0.00143921067985766	0.00278918512269149	0.00160583782130412	0.0010840228380284	0.00242209114860115	0.00194307774860566	0.012899210431654	0.00384080128539338	0.00167126945996805	0.000344763445870766	0.00318253695215883	0.00209902632864292	0.000104413197828205	0.00680379606729825	0.0105776726317727	0.00536251652713456	4.92659776487181e-05	0.01666041699789	0.00972536562332841
28	0.00228497562119475	0.0027136497745519	0.0018855419690146	0.0098894294915992	0.03753408560029	0.0367660044509863	0.00496814827605252	0.0025715467727819	0.00218376250399616	0.00486702712816718	0.00369753585667932	0.00444688311140911	0.00212279597095574	0.0151300874994328	0.00269197038553734	0.0169636631897399	0.00132845098867235	0.000758727503280759	0.00590647188617484	0.00138873464213922	0.00316601110366758	0.0194707253530783	0	0.000856354400670045	0.00087568621341582	0.00230418336059124	0.00135979410559383	0.00166212763522528	0.00145836291934761	0.00112216459380509	0.00402346745234926	0.00186248335232729	0.00511340646067337	0.00248193685856844	0.00151931684532349	0.00197949249008886	0.0019694044051406	0.00159881402067119	0.000169318699180874	0.00454614000875932	0.0090513562237543	0.0041455790780288	0.00154353158071314	0.0265997705848093	0.00873941109913352
29	0.00612132586593518	0.0170985848911878	0.00147530778918328	0.0881190665866976	0.018919152597515	0.0406994746159472	0.00548199305333272	0.000855880058812912	0.0259748247261477	0.00087977467394633	0.000252814625960985	0.00221272893716086	0.00173509535294069	0.0926208815361336	0.00400429283575248	0.00563414917430501	0.0029236616148662	0.00108369291011247	0.00174098368924208	0.00384111482216902	0.0112908392124368	0	0	0.000410145996527559	0.00731882378314211	0.00143130687929153	0.00246384636024615	0.00957382969358779	0.000149831073229589	0.00644028294475223	0.00297101774225823	0.000341676918808881	0.00133499569504993	0.0222467528180028	0.00721780152089707	0.00255209038589701	0.00841298795998581	0.00442975060562997	0.00326691023475097	0.0402520585416623	0.0139342578904661	0.0158331283191386	0.00648071542342683	0.0528473311502901	0.0720313692904651
30	0.00563187153680676	0.00668221019019643	0.00257381277106478	0.0552389372379543	0.00444002086976102	0.0924710344566354	0.00345312026168778	0.000554958989313473	0.00924266231433996	0.00115725017513184	0.000271519352703789	0.00241496304929987	0.00106585248996534	0.0564776207143917	0.00203069407330052	0.00669825822822461	0.00255917385709751	0.0012987218977106	0.00047640486737556	0.00124669309673772	0.00215214826076289	0	0	0.000632540308685123	0.00391710778280937	0.0016126541330504	0.00112659050664545	0.0105097069044751	0.0025515192913665	0.00672935129396117	0.00459281838090369	0.000613622936258509	0.00301326453968314	0.0169141264022852	0.00412448791210148	0.00171980555042885	0.00847725842369621	0.00146480228359927	0.00329795199626746	0.0278652672647432	0.0123794779308697	0.0254956451788331	0.0122130765748012	0.0166991922653148	0.0568454250723585
31	0.00291966627000279	0.0029764060172083	0.00222324644863747	0.0329454749503909	0.00876838391131764	0.0229007106039646	0.00131070762833749	0.000338934949795101	0.00371314159310662	0.00075784454921778	0.000232563367189605	0.00112536631009357	0.000643778902523838	0.0545882452282574	0.000834714078105919	0.00199828062590843	0.00136103443997988	0.000742628822451306	0.000927771753278624	0.000409607249729893	0.00280440445726044	0	0	0.000206947107635894	0.00229181750050326	0.000404969992718767	0.00234484538077782	0.00867335885956798	0.000661762831655204	0.00366262430570104	0.00213054732391598	0.000264373055966458	0.00495019130660749	0.0117419405024944	0.00386396034036758	0.00178891967052671	0.0035020949442954	0.00101875100733792	7.80747335111807e-05	0.0277502109796608	0.00946472250549874	0.00846687356021193	0.0979924724843407	0.0190536760379026	0.0327733563879023
32	0.00491782069128044	0.00819008818315408	0.00269744972052911	0.0359935074701262	0.00998889058448571	0.0249841891854743	0.000776023259858205	0.000450633254097777	0.0106167964144111	0.000529485465130405	0.000450740011781611	0.00212795149040993	0.000723642528088471	0.0641739234079079	0.00117988607512972	0.00112987410924598	0.000748874655025766	0.000520096614879569	0.0011695309467743	0.00138743934489046	0.00572191005408278	0	0	0.000652360435075059	0.00293475144146561	0.000468387160453685	0.00183896114201364	0.00305507174200679	0.000650303271372455	0.00834054296261887	0.00340744782228602	0.00030086956962261	0.00145770782562526	0.0131366807300029	0.00309462174080871	0.00187748983105651	0.00144696161041782	0.0017403526684944	0.000125107705505868	0.0145102513297338	0.00327221828143324	0.00409012663754524	0.0155338477624289	0.0194318536875893	0.0416129810126287
33	0.00314281540690632	0.00180010382856899	0.00126758745809789	0.0396651199972649	0.00848871499377272	0.143474471080971	0.00217257357864236	0.000765126240425042	0.0137708993258934	0.000758380592511254	0.000516884969840223	0.00169342169685356	0.000816136818386347	0.068723238078314	0.00165563849099747	0.00206669054170214	0.00114000947276858	0.000718599523042151	0.00136617756530548	0.000701431618836596	0.0022053873106918	0	0	3.5210539718511e-06	0.00137751288966128	0.000688385160701097	0.00182258395121028	0.0112250957324818	0.00187636912293238	0.00238871610835134	0.00229244180858462	0.000251228676899468	0.00145490068538334	0.0146752707323306	0.00112284819478567	0.000155118251765741	0.00560986185302544	0.000954935894446531	0.000204123098456942	0.021801122636568	0.00317924975449023	0.0117270697391392	0.0323547182963255	0.0116066433002927	0.0483128719107782
34	0.00250167402213648	0.00138770106150114	0.00173724879363711	0.0283496403717882	0.0218048964986708	0.0236073682765309	0.000565584451981373	0.000308761329697924	0.00351140875724974	0.00048596849594202	0.000237300524875265	0.00176332758337885	0.000242312886259405	0.0762294802738276	0.000881157814003453	0.000306250849861361	0.000836619855015648	0.000166020614099614	0.000533132172108191	0.00019348971963873	0.00143920917056645	0	0	0.000212058315014387	0.000593430556828212	0.000636740513914982	0.00156637960773977	0.00242048752730228	0.000524569404344908	0.00352089396486112	0.000831541549811907	0.000312594758189706	0.000378562912624552	0.0104091360605225	0.00297861659388482	0.00205443739877438	0.00180725396012562	0.00128791988094391	0.00349925311640472	0.00514786285606862	0.00204607867447966	0.00285217861708007	0.183025549906028	0.0106824831003448	0.0315730009841794
35	0.0018022850887723	0.00437547408507234	0.000712817142406418	0.0255687668098293	0.00435101764242375	0.061597845207675	0.000605528712747691	0.00019973960298975	0.00778696035760252	0.000286808687879677	0.000184559446629738	0.000824094612726038	0.000243103147101004	0.0439474023310748	0.000711593348116548	0.00226539668075998	0.00141375604278642	0.00113673782600185	0.000672247698379534	0.000750631795312398	0.00221823713986125	0	0	4.42971306136107e-06	0.000607502897956348	0.000414638589240976	0.000848706825878508	0.00610429804390235	0.000241721752880045	0.00286906422081165	0.000765225722609806	0.0001319776146194	0.00178413813375702	0.0082580413863192	0.000562130488679923	0.00106346837471828	0.00138010983502207	0.000754818245558918	0.000132632981025018	0.00633663703529133	0.00186982002580093	0.00653413301372516	0.00996760660180387	0.0110709170940979	0.0222369795801376
36	0.00143808453837024	0.00116089840838697	0.000931096952246636	0.0211466992551281	0.00343119590318674	0.0643369744359357	0.000816254963261751	0.000328145218232116	0.00390949853135033	0.000243841685187195	0.000261327778903329	0.0011016991932634	0.000246115594411713	0.0310884803691772	0.000910315155536037	0.00110478849314186	0.00119308125596276	0.000567680326357777	0.00105714135578258	0.000300828092917341	0.00172943416682967	0	0	3.69142755113422e-06	0.00106652991613844	0.00086936994058872	0.000978782849657133	0.00540919633157573	3.459287823671e-05	0.00105445185813219	0.00108502019813087	0.000142665930060635	0.00168548720525529	0.00703248423507868	0.00269386241726784	0.000458801141678043	0.00386227186949694	0.00120332394923917	0.00345222014441004	0.00999226918756994	0.00224289063971121	0.0113045639059988	0.00490868286390864	0.00554155752627531	0.0215150817995114
37	0.00132546690205784	0.000610787904274757	0.000789914942195121	0.0117761922553334	0.000970416546339946	0.0392669589173598	0.000563028265671732	0.000181424659320471	0.00103924301384337	0.000331901299476152	0.000233484782300088	0.000377839533355789	0.000282616189180935	0.0338787078013863	0.000530606233671059	0.000332972509243756	0.000386237850734631	0.000361674198221585	0.00127388266249394	0.000113716304296936	0.00217247023729078	0	0	0.00021364846842103	0.000823420455450875	0.000711236774323271	0.000520361906680619	0.00224063405509113	0.000157113784437317	0.00276846278554688	0.000836530148424003	0.000150603454241025	0.0054911673332288	0.00496433208666882	0.00165431606907795	0.00061813587279436	0.00101218897476449	0.00173626195612956	0.00016085276422183	0.0140039682566711	0.00168091829559455	0.00589100329138979	0.0312647594354526	0.0058456380245317	0.0151026986821819
38	0.00150261014816613	0.0416550695184496	0.000564811762535135	0.00345364573828271	0.000142524078156248	0.000552906810280705	0.000399565797364849	0.000659111226213611	0.000308922767248946	0.00075051862420697	0.0012804074710086	0.00137118332870967	0.00119536070686117	0.000113248912362759	0.0015453480671991	0.00112220801259987	0.00215911221867918	0.000193279147421461	0.000621227285090073	0.00366339393860208	0.282836910562557	0	0.0258064516129032	3.23709800637924e-06	0.00305328675326729	0.00226386208234825	0.00136098337209695	0.00386756769103083	0.000658656969522496	0.00964914897845247	0.000607199209328809	0.000455419296696534	0.00939068614928933	0.000779317642270999	0.00130797503728307	0.000717114713778153	0.00215901538950745	0.00547222774468391	0.0383525666833477	0.00259802976669294	0.00877423210762004	0.000291389555920822	0.00490257551130756	4.00194796557074e-05	0.00617662840406506
39	0.000286053288584983	0.000717733823294763	5.26770429260812e-05	0.000770450781666701	3.53512897598077e-05	3.72683717132851e-05	0.000902148982750773	0.00136697636655865	0.000223673787471305	0.000211572343026811	0.000748460074156428	0.000547725613637833	0.000343479782716363	1.41726373752435e-05	0.0003089942992735	0.000485428436017265	0.000531451543230239	6.03106921929376e-06	0.000268304276581681	0.00113577153704815	0.183984703155785	0	0.032258064516129	5.22478976468228e-06	0.00178645388903027	0.0011484748214499	0.00170408675824674	0.000528162819738368	0.000785676020880818	0.00594392322854324	0.000929759103645709	0.000173475028911124	0.00192890636623315	5.80228748979527e-06	0.000283184418201223	0.00020518593228286	0.000712358080060662	0.0012465218718118	0.0278444600802947	0.000388910949895481	0.00206019744691116	0.000154782172321385	7.73597996136896e-06	6.00760053723885e-06	0.0012842397801029
40	0.00847520292804507	0.00644596171489336	0.00233060987038747	0.00620213402006507	0.00130841907140799	0.00292364792327712	0.016635537313442	0.0206673567447538	0.00286305728171983	0.0165910202835023	0.0144613987755636	0.0163445006925561	0.00520439448248796	0.000639469589484199	0.0090496964292173	0.0156052148692127	0.0213234231764844	0.378883165652196	0.0076637925569074	0.0167307632308137	0.0574258582546666	0	0.505990783410138	0.0472545319940001	0.00200119246811563	0.0287047786561579	0.0126598079960614	0.00593574103640442	0.00940358664959085	0.00511423485906928	0.00395951940202464	0.0127907402305897	0.0281512054060709	0.00744707388685434	0.28367245609268	0.00319866942368196	0.0137420324824288	0.0282825307764745	0.0673888422739878	0.00305681091386376	0.00706826695019785	0.00697210675216087	0.00823922581569801	0.000300901981934173	0.0053970752723505
41	0.00915421202812145	0.0024142309339081	0.0124860394324426	0.00145020186824643	0.0197491939522038	0.00951186497048222	0.00971563299898964	0.0121838633001713	0.00074090803138511	0.00216104113363717	0.00531686690576799	0.00958322704042233	0.000380419411286473	0.0048857981493775	0.00324905313505887	0.00172376467419	0.00667633360934033	0.0189372249274443	0.00231012554256914	0.00283572715528358	0.00073931803465882	0	0.00460829493087558	0.00934527477964449	0.000577781674804085	0.00726756171919434	0.00441919870245739	0.0109326012361205	0.000806024772784765	0.00191481110370581	0.00230241900580881	0.00172692876215269	0.00903257525842734	0.0307599159779581	0.0331525128614231	0.000900941166379384	0.0082711942006195	0.00385246927670478	0.000142039575423955	0.00359499806218843	0.00500966484480438	0.232109736950998	7.08452901725368e-05	0.00257350021466097	0.00661093881768658
42	0.0135591142769186	0.000369370528693989	0.01242454014909	0.00902634478503676	0.00544736174696252	0.0168316510645723	0.00194019673805989	0.000483593496756869	0.00072078941794464	0.000564256342660333	0.00172853499994755	0.00291950700198275	0.000455372612647326	0.00602468000998949	0.00199053548390186	0.000146538979749633	0.00492155745317628	6.55344529340582e-06	0.00452391715000253	0.000967357082627162	0.000977351213766843	0	0	5.45195453705977e-06	0.000343994368979773	0.00301438787236813	0.00532536196626783	0.0105104249429663	0.00168862511194491	0.00295387042535138	0.00205459771751008	0.00109245946802585	0.00279791678112447	0.0306549940741204	0.00970513605593279	0.00126312469550996	0.00363013220114345	0.00751529312817593	0.000172140677500555	0.00335402829817914	0.000952192879342034	0.043363731118618	4.11228408472771e-05	0.00187290199829754	0.00997694077951722
43	0.00833295261824374	0.00687041762552912	0.00877308495402059	0.00800167347471996	0.00198862826115531	0.000643914356035195	0.00716118161098047	0.00506415802420047	0.00248550525883972	0.0259681393223951	0.0163819837849802	0.0134068038935694	0.00342536873199379	0.00166219283906116	0.00386807282040668	0.00543790395509452	0.0139848150778248	0.0689265257156718	0.00865395831698547	0.021038274231548	0.0536163933705184	0	0.023963133640553	0.0279550672623533	0.0075427816992062	0.0184805412087916	0.0111987858381847	0.018928748666332	0.00501575314693448	0.00397349223704078	0.00242373594017253	0.00552997698449408	0.0794244239647969	0.00653688615333952	0.00778349012865269	0.00253340535883203	0.00535990483816089	0.0124784726261801	0.0785281313612095	0.00269049981916029	0.0175790681833543	0.00807643785071703	7.57311722534014e-05	0.00193690363215435	0.00533230878811349
44	0.00391870066291651	0.00179159572722693	0.00592760369039236	0.00184277210470498	0.00185638513019977	0.000283613607287637	0.0026442156172923	0.0028454034362433	0.00124875723370304	0.0118199031352597	0.00754138701281445	0.00389427249276354	0.00130336977624582	0.000412995653910343	0.00146607990714696	0.00211289276947691	0.00530916267494838	0.0719217351471624	0.002338438958215	0.00883227291665235	0.0056882570873813	0	0.0387096774193548	0.00198746459353067	0.00452103947291001	0.00556313077791723	0.00241469827024573	0.00218885437798131	0.00569218849969937	0.00140073885136794	0.00885029810220514	0.00192783003215893	0.00296514213553595	0.00359884925099232	0.0109258848505807	0.0013931609186817	0.00599030102564327	0.00172873504537827	0.02478731690064	0.00143428026136276	0.00661480441830897	0.021458960154083	0.00348078382577596	0.00168841208012	0.00182876953106073
45	0.0046670843046739	0.00407652410485197	0.0108294728008078	0.00106939384008447	0.00374697454102266	0.000606871931941357	0.00717032844632943	0.0403972266564933	0.000855460208999956	0.0177793888160605	0.014934792952189	0.00610653649463683	0.00174493646444675	0.0009457444398756	0.00266768156689904	0.00265921583310039	0.00588913921475227	0.0817471067251361	0.00424333501894276	0.00483330782160926	0.00590786463038952	0	0.023963133640553	0.00706607382718803	0.00141474667290922	0.00581850937994518	0.00115936966463767	0.00493421892627497	0.00553807347870053	0.00339001833737334	0.00213629505709948	0.00380300561111704	0.00168107598487513	0.00557240957965043	0.0169563211058048	0.00187040614574755	0.00677233353493448	0.00382661597455904	0.0357525839914814	0.000787725513247615	0.0223501364096765	0.0011866976942535	0.00151991648398896	0.00169063148572125	0.00273005726064125
46	0.00331076477492674	0.0161766452000637	0.00506873294491126	0.00153384423835545	0.00165109858475177	0.000142463869709565	0.00307079075674818	0.00526103335192953	0.00114198644009099	0.0105098806214878	0.00691489339214525	0.00675897445160214	0.00146475860145229	0.000397483631431989	0.0022772941721665	0.00300540807472747	0.00856308330429569	0.0326779476470899	0.00276985181875516	0.00604261798271308	0.00246821443330739	0	0.0525345622119816	0.019808029865807	0.000776268173609451	0.00774093683531108	0.00426290100404403	0.00206094239437095	0.0102828669292298	0.00189823452595099	0.00399208989006448	0.00419725176067804	0.00775853460863051	0.00207683881002753	0.00274561211970706	0.00358929611780313	0.00454830266899444	0.00472346375342495	0.0176411271357673	0.000973578330839267	0.0203769648425549	0.00172892511437936	9.44603868967157e-05	0.00221304272036761	0.000868369700565751
47	0.00318444827430199	0.0134896975984066	0.00540341818804179	0.0023691439950973	0.00172385641737754	0.00035647262471234	0.00445591523070249	0.00489741061240874	0.00125189165536225	0.00690121860555127	0.0042221227728254	0.00548341493669448	0.0015089524192863	0.000317357824151859	0.00159494782530434	0.0024534422612776	0.00607280049044375	0.0573605495700228	0.00432280951069535	0.022005835464285	0.00198739307222688	0	0.0746543778801843	0.00193697722286977	0.000844093704765272	0.0100544105588197	0.00383463292219867	0.00624742030766372	0.00748577033199096	0.00162056783301503	0.0181687291901106	0.00257450034019144	0.00629601454259053	0.00344620101710858	0.0215501144589349	0.000461065993443495	0.00545189816964645	0.00327584246175798	0.0180804150941976	0.00201975137434773	0.0160378885101962	0.00747860331105465	1.91363714833864e-05	0.00282054725237777	0.00105523859990055
48	0.00351620141223723	0.00552749845227459	0.00754859879746061	0.00309003667247441	0.00360068171856014	0.000243436484611363	0.00774568594797658	0.0440960749629158	0.000892234993350379	0.00838667114938092	0.00844855451631454	0.00671783086314064	0.00121567108592687	0.000968077611458142	0.00272963643466969	0.00209476604974708	0.00620613584185369	0.0627110102534825	0.00308158071649419	0.00451043151682724	0.00212596744141985	0	0.0313364055299539	0.00888753776330385	0.000482126769571192	0.00606217849995846	0.000825169259670948	0.00167084522930119	0.00448507911701839	0.00341628361829741	0.00322688224208733	0.00316430360203806	0.00282237900323262	0.00449787959931482	0.00173515862748905	0.00210442074970449	0.00777780690206229	0.00209428110229972	0.000253037389331417	0.000970486005867244	0.0175284958572437	0.00119528238169237	0.000102196366858085	0.00201211048638531	0.00104646207206341
49	0.00505015413517662	0.000633647708821484	0.000520758119503976	0.00140814543902599	0.000647971210501383	7.99075443118018e-05	0.00448834491966697	0.00357429293385046	0.000841300641388321	0.00828940829828712	0.00599732835146707	0.00727616082272095	0.00187212117938096	0.000131481112910212	0.000925781457548247	0.00722230276955313	0.00857451141345439	0.0379996301577395	0.0107740684881229	0.0032343689629058	0.00503543481911417	0	0.0571428571428571	0.0118669173354208	0.00119355113067594	0.0126486754546776	0.0044381196021702	0.00156851968770018	0.00388682581104235	0.00758189706923701	0.00456583295435347	0.00234281009330177	0.00408037885164705	0.0014018058261473	0.0689185165092277	0.00202621108129324	0.104908546750272	0.00193556146254421	0.0322730847233144	0.000571208274898154	0.001525425675671	0.00263859262479448	8.02098974941939e-05	0.00015920653144342	0.000487598203954265
50	0.000885389131198919	0.000324257007464956	0.00149335518374492	0.000706072294923415	0.000411996318559475	0.000104600762308312	0.00235187618942223	0.0027659665003107	0.00053631412459512	0.00436344578115387	0.00270179687400999	0.00186283010389495	0.00121363126734428	0.000142916053505138	0.000543122730835723	0.00243794326469025	0.00296156447301462	0.0502540979690683	0.00228972943406626	0.00455529995648928	0.0012968421205173	0	0.0857142857142857	0.0013301065334633	0.000428366725017872	0.00261809361295902	0.000894221046008286	0.00116721707688088	0.00103028943850511	0.00796502758010766	0.0116117224042247	0.00161793161755451	0.000331242548546483	0.000879454615384865	0.00126229506738476	0.000564032419184547	0.11222993367519	0.00171384485237028	0.0283721700260751	0.000566876295421929	0.00077146727441379	0.00458772915089424	2.4429410404323e-05	0.000210596444143203	0.000439261427149885
51	0.00283485488552834	0.00042726907317627	0.00318092524036602	0.00156991501046497	0.00214181250177786	0.000130008182550198	0.00707486669334408	0.0371921341445845	0.000823022589503547	0.0069877489881069	0.00544837452238945	0.00441771956782316	0.00270415777572562	0.000891199136193758	0.00139192235123798	0.00296647321517415	0.00473037007835987	0.0484179935572984	0.0081234384543407	0.00120166978457855	0.00570150316678945	0	0.0405529953917051	0.00333653938548749	0.000600593536116523	0.00755438886948647	0.0051017963812718	0.00480986679546592	0.00490736926837241	0.0161585691146165	0.00141869599152907	0.00304112993982751	0.000201312057349073	0.00414074265545835	0.00204984286456632	0.00126026953663542	0.200617445557881	0.00105474927614845	0.0176731095567236	0.00117444322825105	0.00206964984540343	0.00393660767748964	0.0252038227141401	0.000310662687990782	0.00153196576122534
52	0.0494085887356002	0.110741001078985	0.0774826974986981	0.0127380010968651	0.0287746717685883	0.00293101329625126	0.00467037823550052	0.00158520707391148	0.000987069471923026	0.00346151233054355	0.0123951452639648	0.021414569051673	0.0015006175314356	0.0093706789999243	0.00377996421178408	0.00263552291026178	0.0139132059677608	0.00912111365260262	0.00721869521371655	0.00542949653898452	0.0065311662558731	0	0	4.20254828898358e-06	0.00343298634627846	0.00296668315896515	0.00502870604410096	0.0254968490094401	0.000634452664626222	0.00551475334653337	0.0113911938112313	0.00129005363356444	0.00484512405755279	0.0501471360607684	0.0053573761718312	0.00254404293387934	0.00986081000763208	0.0101889827298305	0.00297154317062433	0.0133584079566748	0.0170418635162997	0.0223618991256947	0.00141364854873016	0.0534072515092448	0.0235608860826169
53	0.0557671037406922	0.0765693098581552	0.0966166090512273	0.00895409868785509	0.020146040386819	0.00305336263363195	0.00923563459224311	0.00132482914403938	0.00372753806468087	0.00224101832891673	0.0154689752323582	0.0190886761393134	0.00132734102177431	0.00532281036375741	0.00251425585093792	0.0048511025301936	0.010732823219819	0.00678001404336842	0.0171427985811944	0.00739610739898944	0.00745864654674002	0	0	0.00097499120304419	0.00480963556570976	0.00623325828732089	0.00295774708723238	0.0110338345501574	0.00156771068615777	0.00421185717437891	0.0210154115343521	0.000517671928182285	0.00115253157932517	0.0366985404541465	0.0128847340523141	0.00316281730211821	0.0136210046410515	0.00685047055464333	0.00925702954799433	0.00336434058894487	0.0208180634776818	0.009683862569002	0.00454305602152394	0.0326416198547288	0.0236698804380028
54	0.055757292164275	0.0309372175651994	0.0970232693341361	0.00966929322876852	0.027514197679094	0.00389389816636884	0.0125327864258089	0.00784439709054684	0.0042534466383027	0.00289049859363821	0.018680061724984	0.0160445282664032	0.00110978964188499	0.0093055555798871	0.00238757562999269	0.00516362221348226	0.0100666856293979	0.0071584517646956	0.0108492628112931	0.00541074523406641	0.00232813997392504	0	0	0.00120124731633217	0.00270546755898333	0.00656449636670769	0.00723013744691587	0.011740869859943	0.00209527885394116	0.0039949552389126	0.0124589888844443	0.000636762014725918	0.00956593190439201	0.0476232080811756	0.00673860660184925	0.00345701913703365	0.0129391710963269	0.00321889974563951	0.0198149911013617	0.00538922767481002	0.0180522331829866	0.0219335928280685	0.00453857729628315	0.0309171036890243	0.0225734479213714
55	0.0200550475062449	0.077907334586014	0.0350287160786295	0.00437799848095001	0.0115333313645351	0.00103111325989317	0.00299917647684434	0.00132450965865012	0.000578829274193503	0.00126395527800549	0.0059183179090913	0.0100339212964424	0.000382465984235228	0.00513554808171944	0.00125816797824195	0.000842138425144215	0.00718317803231495	0.00427303628623663	0.00366141294393311	0.001982328071911	0.00265900892324404	0	0.000921658986175115	0.000844257876540944	0.003202523485387	0.00289538612446396	0.00163723181142211	0.0108490256010354	0.00133187936146045	0.0039642182488335	0.00261492940437091	0.000547335258555795	0.0014713425068003	0.0181945537404234	0.00470854269332137	0.00150971645501547	0.00987436714054862	0.00517180582861061	0.00316908165300202	0.00489802479445234	0.0140041471434533	0.0197920871197799	0.00159239040152179	0.0171258210890593	0.0119860988510521
56	0.0309023467893949	0.0666478230518932	0.0554421507537956	0.00857689773690407	0.0109405383160134	0.00178558352641358	0.0046543225110496	0.00167079587850625	0.00103321107448758	0.00153840480319667	0.00944330884950306	0.0119755292711857	0.000510549029869712	0.00335158108837287	0.00168722561099111	0.00142531244962019	0.00704039336885745	0.00505308623108797	0.00301562994988686	0.00419914718380039	0.00276384541497009	0	0.00184331797235023	0.000378456510780899	0.0017198416089118	0.0023910194923555	0.00247023040890525	0.00144745435280142	0.000507540711962132	0.00236941683671583	0.0126816864333561	0.000304615806430086	0.00147013944669662	0.0189426798950325	0.00621001661798584	0.00368346817232727	0.00485548925268781	0.0128343646019205	0.00998509995447208	0.00275056176101777	0.0143169271425078	0.019116242777745	0.00304227590901836	0.0146494249866595	0.0131609694678589
57	0.0287233204702757	0.0251256240031927	0.0489707234422385	0.00446757423168863	0.0132285827785445	0.00246656108333521	0.00429287366054298	0.00367941072659371	0.00168535301341932	0.00144675532321505	0.0118432212261781	0.00831664778243892	0.000424511913627975	0.00471917450176427	0.00106808040203276	0.00110263718763	0.00585806765337235	0.004270091984728	0.00637120173971772	0.00208208942559499	0.00241010716616009	0	0	0.000835171285645844	0.00088611194690627	0.00523812567314254	0.00147086664170804	0.0048734688246346	0.00156631840313277	0.00317520199744036	0.00339284351910278	0.000641903769130871	0.0012912845112829	0.0254831100274361	0.00612613919330429	0.0015264859957469	0.00543599057405707	0.0125867946896008	0.00308724428173126	0.00268387924675323	0.0142407495850384	0.0194937885661605	0.0015121805040276	0.0116890200919865	0.0123988725978102
58	0.0220795411458284	0.0472045472325245	0.0307512376331785	0.00511530597346101	0.015329402578278	0.00180195304187761	0.00175985728062429	0.000663003623206147	0.000977684430327155	0.00108102760344033	0.00468646901440515	0.00851020097955114	0.00112221767563321	0.00398868565184266	0.000487112302621071	0.00219761284856718	0.00422693852456007	0.0036845558943824	0.00577780559775719	0.000854361170097196	0.00388885644983165	0	0	0.000642989888214487	0.00248442967083965	0.0014496512091234	0.00236249442603591	0.010927888476446	0.000885063609127465	0.00230614575838913	0.00464785563733062	0.000555238457027681	0.00680290386627426	0.0249746664190577	0.00199992454694548	0.000737522473834939	0.0111090525908258	0.00822805885062437	0.00013827693766438	0.00646041176963405	0.0106791363522974	0.00491660259731394	0.00320961737028797	0.019039732380973	0.0100100991803195
59	0.0282448513443902	0.0528802627567001	0.0461838687395464	0.00831290150624748	0.0141266534792139	0.00262753447814586	0.00246988165781309	0.000626900886759875	0.00127897160062723	0.00123196207935992	0.00605869279112894	0.00927365656662053	0.000807268335608406	0.00392586196080532	0.0010857971630624	0.00222137432070515	0.0090822618587018	0.00250460332043128	0.0076492038132886	0.00581267221587026	0.00291258077242701	0	0	0.00131363708746593	0.00192537456006969	0.00386889638423567	0.00336867169924058	0.0149720430702141	0.0028341527454429	0.00456364965899371	0.00960749868791723	0.000498043541143303	0.00644278787523946	0.0266631991570562	0.00155364222934788	0.000596041520997344	0.00840446753279677	0.0112258965000683	0.00630900286336734	0.00402558047503288	0.00607436918468104	0.000977855192925125	3.05367630054038e-05	0.0178921096174544	0.0106148971828473
60	0.0345210748934193	0.017594124616262	0.0570447217158213	0.00451122509358928	0.0245160983809119	0.00341177529135264	0.00411608617283885	0.00354203067802097	0.00509959469923375	0.00178211653849454	0.00954554075935929	0.0101245008808231	0.00100960212852232	0.00678150107548164	0.00237924624183655	0.00214444258451154	0.00858645089714742	0.0034682921997	0.00522051961045643	0.00371514012506865	0.00343438572962505	0	0	5.73591050253164e-06	0.00228814347476303	0.00226321593327341	0.00483624308167956	0.00627728464096553	0.000735232535897876	0.00389392105760057	0.00619446580414158	0.000505369120796216	0.00125078148779235	0.0419158142642385	0.00378960611674157	0.00102532730722136	0.013803228457018	0.00545521038124621	0.00613215888866731	0.0109401008479373	0.00730074809286228	0.00773810320222505	0.00311637845391147	0.0172110430476174	0.0123861699974445
61	0.048045908316921	0.0333271935489106	0.0487596175894711	0.0141224914280947	0.00226243572792823	0.00248569650931315	0.00772744360632103	0.000509764674894097	0.00215646387815031	0.000680108989529107	0.00887408750138741	0.00545824474140038	0.00187405968247103	0.0105316774371438	0.00149192880494476	0.00149732691607239	0.0149945963553214	0.0011351232090455	0.00429491808350127	0.00265489943556202	0.00832317965682975	0	0	0.000977035685995587	0.00488077183274716	0.00586289666943957	0.00895786913570726	0.0504041176251012	0.000747013392263319	0.00370457663083834	0.0082163122872853	0.00111582107177598	0.00831234327635774	0.0522740265877359	0.00630634745943234	0.00449622468486033	0.00765852092141579	0.00463314082440944	0.00594308634124867	0.00978613235287106	0.00163574354161882	0.0213650699689407	4.92659776487181e-05	0.0187645728723071	0.0219131853388114
62	0.0483486661337343	0.0401892746073989	0.0475452566020839	0.0138352060250108	0.00220164424368362	0.00233690870335816	0.00617532522594531	0.000495930957538956	0.00192852581935194	0.0005935554016361	0.00953637358235814	0.00617299039587635	0.0018228007976258	0.00711599379181468	0.00201538915878756	0.00210925508665706	0.0105359384656797	0.00210959203093454	0.00458643172493105	0.00213743991744939	0.00552715306175908	0	0	0.00123696897678853	0.00568445125436997	0.00578703719208071	0.00944682284439232	0.0445205304548795	0.00156460482402506	0.00742627678235235	0.0104848594315033	0.0006180627891068	0.00501435451213707	0.0386985855979555	0.00576525173352346	0.000842151397148503	0.00896168458331323	0.00269397953498418	0.00292639151750944	0.00518260042734024	0.00163902728624272	0.023762698409077	5.90377418104473e-05	0.0209704017934411	0.0197271889159318
63	0.0441313546559699	0.0111355494124167	0.0382002853487211	0.00641651986995075	0.00104997684539678	0.00208336950334856	0.00821378628270353	0.000671836506759888	0.00359647550320998	0.000810133135935739	0.00652446812947808	0.00513733112037724	0.00204051428230314	0.00703732363017574	0.00139820749773685	0.000483824382412028	0.0117288251769827	0.0013458307218487	0.00274085518371117	0.000812369604397072	0.00373386599932088	0	0	0.000346767025034239	0.00602971371059217	0.00685378991529766	0.00520061286536776	0.0243881874658534	0.000525854588675684	0.00566306503350873	0.0106920850948644	0.000698110341339343	0.0039307983787562	0.038980315163934	0.0103133651167552	0.00119566102590075	0.00579219060036126	0.0088748822897517	0.00618671713618115	0.0062539479930879	0.00296976811870575	0.0216655855889857	0.00160989814564489	0.0124095754140529	0.0167346300687897
64	0.0232103235730853	0.0131049461607004	0.0285182323005581	0.00666799588333165	0.000386420355646241	0.00107461986358244	0.00293764322086045	0.000350538925371002	0.000492632678565405	0.000369459138025398	0.00564807047057924	0.0042079445874584	0.000594586853725866	0.00511475018628362	0.000817302160130434	0.000703692832673426	0.00429617974819329	5.27124947513077e-06	0.00129970433680546	0.000563114053025264	0.00251814196338427	0	0	0.00130858267128053	0.00206998448738595	0.00250560063500379	0.00294445868581905	0.0221402112143595	0.00173050070138935	0.00382036625028964	0.00452650255370159	0.000466398788837497	0.00775332134818123	0.030880914354648	0.00133408535226504	0.00194530286609763	0.00426297328953106	0.00396586382345794	0.0103199747150743	0.00529019154024348	0.00248922466455419	0.0121203412312716	7.65454859335455e-05	0.0102869113344275	0.0119700525554415
65	0.0321519210285377	0.0257781061782916	0.0322465393610745	0.00735898641339478	0.000995749062416005	0.00110040386319007	0.00426350318250328	0.000584408442528318	0.00103780336668595	0.000614365948198326	0.00580329458946601	0.00161038934967514	0.000576221732116407	0.00537479634299133	0.000663984035835484	0.00201300730038956	0.00479510342430451	0.000562646520552697	0.00214910680618141	0.000743146291284268	0.00335918309503646	0	0	0.001293816961076	0.00250145631251636	0.00492397114490501	0.00363357255401514	0.0176216253290727	0.00215525412271069	0.00275982589568695	0.0066773296154537	0.000325636160131182	0.000334450708822962	0.0319390212900462	0.00555636921366772	0.000720837262690519	0.00277811046851374	0.00386163247240201	0.000129811002705337	0.00394693733818933	0.00162775353951775	0.0118129423933701	0.00154434589439329	0.0204213635398159	0.0118964923355436
66	0.0334879997071211	0.00715793198566609	0.030645815522934	0.00872970189179699	0.00118373215574478	0.0027360127093718	0.00391890052369995	0.000381603110990753	0.002145220051617	0.000547179534882521	0.00470345557297135	0.00518673527141374	0.000543179372824951	0.00663389478520045	0.000919738392298259	0.000576199133265172	0.00639363798497156	0.00134407363869033	0.0034502981499122	0.00147108691921359	0.00226689100845657	0	0	0.000367893348865346	0.00221374445352349	0.00409534011549789	0.00532174461398751	0.0121691747633176	0.00139720956494154	0.0063219629629968	0.00360639530389232	0.000212122225751852	0.00814632098204994	0.043086266453943	0.00404108141494465	0.00116520599790573	0.00282484690041025	0.00411231132611895	0.00638519627799873	0.00401409664264779	0.00200390848036222	0.0185501432237801	0.000128661561462768	0.0130265175370749	0.0130996526145314
67	0.0232002480710183	0.0106479917501607	0.0204445741489371	0.00993519755099322	0.000778093544971532	0.000810861078716268	0.00269442568653107	0.00022921301760879	0.0022116989482029	0.000374097884967625	0.00416439882619809	0.00409326479584265	0.000513088671548696	0.00544418955073536	0.00172342124068577	0.000485948268204147	0.00624610643181487	0.000761291894917309	0.00184853046038237	0.000703529437206862	0.00279551713047804	0	0	0.000841645481658603	0.0030342311720027	0.00201483465293391	0.00571148541640891	0.0295676418199088	0.000423896631767486	0.00336775595738644	0.00480026093985668	0.000708730005363569	0.0080817567564858	0.0297516259848614	0.00173583885613588	0.00132934751548171	0.00478765112242043	0.00190054496470124	0.00319165747955947	0.00648983653588766	0.000973597044704288	0.0034148236721957	4.8044507128502e-05	0.0068160709305889	0.0103664097555257
68	0.0238981404897938	0.0141661831400605	0.0197636656792002	0.00696926524516807	0.000566865960362473	0.00141420095591685	0.00273824015709151	0.000293406063176412	0.00170683838049025	0.000316887446191406	0.00396332075534258	0.00192289592166281	0.000480809555634167	0.00438902324059305	0.000696342229436682	0.0007801721434912	0.00699513116414963	0.000183686423151404	0.00400690091781484	0.000480867370835305	0.00380963470567905	0	0	0.000845166535630454	0.00325899106756605	0.00270259730416047	0.00558872668514253	0.0314797075293708	0.000184209754077836	0.00165596285346397	0.00431797551678944	0.000362336260748119	0.00262547816626371	0.0271360911773469	0.00281316405686481	0.00171362539640929	0.0043142007840346	0.00452236433356978	0.00317942890684085	0.00555207195990058	0.00150622839940821	0.00288888911231419	5.04874481689343e-05	0.00947489544793975	0.00980430597685842
69	0.0269953093940237	0.00432280161896818	0.0203588215533801	0.00506679339879778	0.000699432126544265	0.00139668352266207	0.00310738836395248	0.000237241419203176	0.00177530362568576	0.000450352944131466	0.00369274630480111	0.000912126606489944	0.000687135178953082	0.0053515139757828	0.00108291012002012	0.000676154294140215	0.00426836542026035	0.000370887012619561	0.0027055488165786	0.000773024950466144	0.00289786290641795	0	0	0.000176393445751121	0.00242687221908468	0.00267346543672558	0.00539619765235984	0.02071030329511	0.00106091966505526	0.00365539985085648	0.00433758649321743	0.000894011894355128	0.00599885869698164	0.0389277256449514	0.0015683456331754	0.000627520551120355	0.0011535944880643	0.00180416778138579	0.00991831313423963	0.00808622546318465	0.00144511352476829	0.005075715783118	0.000105046464738589	0.00719821222229472	0.0106217254623937
70	0.00860621112825291	0.000765774863265148	0.0014193655754232	0.0098601808003017	0.000611496319954613	0.00172694102932048	0.0145666073371376	0.00763298207149831	0.029178112544945	0.0450964033486026	0.0188829446854383	0.0300215975815926	0.0167906113121503	0.00302099663725153	0.0428215190003027	0.0210864077068588	0.0155421395211268	0.000196555870068164	0.0115036865212568	0.0165489546519437	0.00987515032389636	0	0	0.0680043302148911	0.0157740182441151	0.0326923143144265	0.0207613391791618	0.00409149456809444	0.0339564977955876	0.105595745375495	0.0125336551919319	0.0687933443445472	0.0166868446580723	0.000387188097560847	0.0156762877683221	0.0979471407692111	0.00902459093922243	0.00776564472490368	0.0314989220042819	0.0224166587769242	0.000991823821543822	0.000953776820348813	0.0163444970310123	0.000356821353496055	0.00353194130783236
71	0.00940985209714683	0.000402682489996949	0.000626823845153292	0.0013972196544305	0.000328597050147183	0.000151512162883717	0.0200967265005892	0.00679054968519518	0.0044250562241441	0.0529222432631204	0.0480864956140334	0.030656692815434	0.0751855042764526	0.000139018936564221	0.189141890293404	0.0128160604116932	0.0540011285924804	0.00117434890333792	0.0217727152113474	0.0377968628876801	0.00849209547287216	0.000274235568353215	0	0.0522558484138561	0.0137318220036524	0.04028496781693	0.140287181597535	0.00151437351753495	0.0176649657252049	0.00623465043760002	0.00247436298623225	0.121784801433233	0.00827424637307455	0.000570222877489418	0.00381665828677299	0.0121287992286011	0.00447942571817075	0.076879866413697	0.000142039575423955	0.00334875636089203	0.000414310192142401	0.000215519480447498	0.00272428641692209	4.41614928759551e-05	0.00105930072178534
72	0.0138293516805535	0.000780789832434659	0.0018466163186394	0.0251382699861744	0.00937561991162168	0.00246783885607966	0.0462509678090937	0.0312073909519213	0.19456355702334	0.0309224463655153	0.0192419533062306	0.055805431027557	0.00854677231738156	0.00697311914617242	0.0212873159951635	0.017995022815886	0.0247280547745715	0.00174212420716371	0.0138441349482898	0.00853987129551088	0.0100219610373367	0	0	0.0175526812144501	0.0210052825361438	0.0360609415972722	0.0168984116247431	0.00339573549658576	0.0980665258533035	0.0320444721572876	0.013951881243012	0.0327589730893784	0.0175249765303025	0.00172695752046947	0.0185574223645888	0.353094016406201	0.014279438490417	0.0145149928698883	0.00608324459779284	0.0397555837240175	0.00153773639438246	0.00051095647158725	0.00783288328930611	0.00247881434802854	0.014258012862232
73	0.00317611917387515	0.000265111980393584	0.000445690586195387	0.0121056125023596	0.00237946343156032	0.0135885054161008	0.0190192067117035	0.00854735014303194	0.0352477378541753	0.00646823949751608	0.00449121573240492	0.0125595835270192	0.00460795017806603	0.0225570113409925	0.00378329058746323	0.0126200128429626	0.011505793620566	0.000184208799225516	0.146007843559637	0.00354289140306711	0.0021046548392952	0	0	0.00239948469943034	0.0113815216904335	0.0227201380451795	0.00823614128542217	0.00767953290847771	0.00182913859877638	0.00562117882235087	0.0054946341024686	0.00828784170858132	0.00682616302827873	0.00332656656926985	0.00585823375701636	0.0429307832387477	0.00158765359040623	0.00503795772003328	0.00323492781379458	0.226225803749069	0.000654980754597601	0.00544470266393679	0.0390084753767829	0.0076371486589189	0.00398408655524142
74	0.0141957871758198	0.000701220787894326	0.00157794613198601	0.0237683125167513	0.00442318090296642	0.00066180836865572	0.00694555856982505	0.00125355994082926	0.165833630328897	0.0123248466355772	0.0132190421352254	0.0513792853037688	0.0116358951928244	0.00292205095629309	0.0110685643852111	0.0187252910694365	0.0205431212212722	0.00135936501104161	0.0194562196526251	0.0045227931579621	0.00418564787862199	0	0	0.0150749382509357	0.0043999131504184	0.0464865332801169	0.0175841063517427	0.00109755723001907	0.00288877307950086	0.0087727901498537	0.00957859735030585	0.0121767775881815	0.00366572413591211	0.000972458911391814	0.0110937443505049	0.0321200554551364	0.00813579076164497	0.0396172402254473	0.00582832588958163	0.0116574248834078	0.000950225291470225	0.000230368669530962	0.00604627907506995	0.000904010102453582	0.0142386470698786
75	0.00407620952531171	0.00024703226504172	0.00148158696386405	0.010112467099143	0.000889723283156256	0.00113104963226441	0.00520424133930201	0.000482974937544877	0.0836808577789521	0.00311752105029251	0.00437449953835116	0.0207004794017809	0.00204581645974463	0.00320390790846703	0.0018463716172037	0.0100535373569786	0.00818242610608797	0.000387698024459167	0.225929180893287	0.00105730749827303	0.00153914914148565	0.000137117784176608	0	0.00157822725609262	0.00299109564218323	0.0232977401590137	0.00651181222023693	0.00132402252484724	0.000588507324800995	0.00410193366801271	0.00683080132130626	0.00225881390094609	0.00306058490376121	0.00085767647274494	0.00289929146860894	0.00863986736642555	0.002959284970787	0.0138411707291531	0.0136884761693337	0.0282384850059701	0.00034722608132381	0.000770533702284122	0.00749046438680551	0.000880201933276556	0.00729047523829202
76	0.00486192039633749	0.00708290288229887	0.000643892734993848	0.00905755384438368	0.000191475619108247	0.00236942698086492	0.0194493748841247	0.0092176797437058	0.00361526380978347	0.00596190831802326	0.00402867076703136	0.00269444010894058	0.0137164493577685	0.00180016065295231	0.00407095483891815	0.00258457707097067	0.0251823499057239	0.000391117213307901	0.0094253331121578	0.0374391308848311	0.0341396752089633	0	0	0.040554307032726	0.00372012242511801	0.0494063075922225	0.0406645812823476	0.141260076443996	0.000906269150585262	0.00480210475175835	0.0327374976455532	0.00327580060513147	0.0376044506807516	0.0027373157663322	0.120081809529595	0.00399509009050251	0.0091035308083642	0.0127816762266615	0.0211544901437704	0.0181512255891935	0.00193920408730751	0.00854792538395917	0.131975410984114	0.00028954470742133	0.0045270944892898
77	0.00227082471401413	0.00140201845784557	0.000433791550175331	0.0141068346219399	2.55244645438315e-05	0.00235096939774532	0.02249289965357	0.00619104023326764	0.00501031835209166	0.00354820979152831	0.0020168728884621	0.00129642428205935	0.0188500918546518	0.00249190607671058	0.00244736073249554	0.000166659341602785	0.0407998838201525	0.000781047208265547	0.00811743014257483	0.0443237554361654	0.0162063234235772	0	0	0.00696288422933556	0.0074008656004644	0.0760240247366669	0.273135137831074	0.17183968732842	0.00252228134784135	0.00907396336766244	0.0124739908295459	0.00588114200259166	0.0156971272127784	0.000463199181651633	0.0219376878117835	0.00176925882966917	0.0132761476957711	0.0114274868054073	0.0072609502165398	0.00773229729094623	0.000313949916167462	0.00919994915183933	5.6187643929943e-05	5.94224649878313e-05	0.00254712034902444
78	0.00656476588110933	0.0012381917645307	0.000650564358092164	0.00235450658032822	0.000138858330588782	0.000300035064733149	0.00840557211658591	0.00421496763445499	0.0032736665190755	0.0170190357698719	0.00764717811437196	0.0155923436698723	0.00220327424384162	0.000164753923343248	0.0092765713892851	0.00530469324411889	0.043561006150963	0.000589335189066422	0.00513017389239837	0.0148457279388445	0.00306575979327512	0	0	0.253063941658634	0.00348344250947583	0.0188005189585694	0.0132461576760748	0.00985543225396338	0.00505655774943661	0.0093163011541289	0.0167659930992137	0.0079984357419541	0.00704110976680284	0.0011676348940447	0.0338596890277183	0.00460563630046584	0.0111078668663525	0.0051009546904517	0.00686869523010411	0.00204438099350816	0.000562583891698433	0.00183985577518864	0.00313103610015407	5.71986732095056e-05	0.00478364001780866
79	0.0118575982474146	0.00105649119702548	0.000253181555774157	0.00177395011704966	0.00010925144985232	2.77837658946846e-05	0.00897580697980531	0.00210918441133077	0.0025183437927344	0.00980293930034636	0.0136028765698081	0.020366573068612	0.00570236688255377	2.09842308187671e-05	0.0219819995197467	0.00874987820646046	0.119387811088931	0.00136501617038882	0.00652428307427429	0.017031248726995	0.0143931955456152	0	0	0.00479016676393105	0.000366669139779516	0.0169689384871518	0.0144157269527357	0.00296043224622677	0.00113471066538063	0.005840076197924	0.0109105712543681	0.0036902350058736	0.0185102827552162	0.000569630351021288	0.00355257259596339	0.00228884955649865	0.00366153815998185	0.0095714487912354	0.000147683532063318	0.00099014338443389	0.000804902973721907	0.000264140262758979	0.00999977199216956	3.89799556883244e-05	0.00549421612592191
80	0.00821849592554179	0.0020325328067642	0.004099610357327	0.00515297117825073	0.00250048928132602	0.00168077499617934	0.00731480943477074	0.00524536569969407	0.00438554793253274	0.0196142510864194	0.00526263710977533	0.0111214558858763	0.00426817178800946	0.00366417700829369	0.00651332152490888	0.00486462045202918	0.0289777494659096	0.00116817536791659	0.00320285215966154	0.011456127456198	0.00489618116379771	0	0	0.0849458246092595	0.00915243680853945	0.0191556251543912	0.0129649539596533	0.0166478943425171	0.00235959843130401	0.00693652846408763	0.0100022305904156	0.00659411537571346	0.00921263325394473	0.0126069844269846	0.0155108875565826	0.003021986891809	0.00771015764825968	0.006213301196697	0.000169318699180874	0.00638776256665697	0.00901136632971104	0.029984457075364	4.47872524079256e-05	0.000988071186145124	0.0066547945696477
81	0.0217130607270472	0.00294405464799234	0.012607933910933	0.0190015077059977	0.00812260840402078	0.00936963483968932	0.00618738755090044	0.00127144269176362	0.00476559655871117	0.00277510773298329	0.00202607439269286	0.00746274635949619	0.00384673986535387	0.0176308421179185	0.00519283107403686	0.00360951020030084	0.0170819716203031	0.00153645050016559	0.0190588873832386	0.00833963523603488	0.00687935700134122	0	0	0.00483446389454466	0.00715819482941745	0.015732973504996	0.0113937677331301	0.0484743638970328	0.000310050719799614	0.00719779287976002	0.00659183660300727	0.0021496344749993	0.0043049500710006	0.0655587271373243	0.011467817780978	0.0045364860391164	0.00689078006462639	0.00503321249369008	0.00300916954822008	0.0205947889556319	0.00864617936180064	0.207695143673252	0.00486715286622129	0.0064006970372254	0.0226571349455233
82	0.00828770060018223	0.000380131447192474	0.000727384827665801	0.0113196617439821	0.00192295379515735	0.00110998715877348	0.0139343669907446	0.008437577625659	0.0628536281395402	0.0375696663097082	0.0166857598933361	0.0349026665618248	0.0161070221754352	0.0031814871433284	0.0463114609099483	0.0194509128229781	0.0243984238614206	0.000581926946560833	0.0149842271768802	0.0101373107068557	0.00515504578402624	0	0	0.0588204560060208	0.0114796922065743	0.0318825713256581	0.0223947636860149	0.00349410676987624	0.0521135820207853	0.0392012082558137	0.0120952369023123	0.0669072922505736	0.00267319955037634	0.00111901418442404	0.0157578628806605	0.249016451979601	0.00564142520891783	0.0121129265692586	0.00981295927697153	0.0248822907180528	0.000327284312352767	0.000566898729071827	0.01463606693007	0.000445103401595242	0.00552873824675325
83	0.0073715950156984	0.000562255132640785	0.00067991426707919	0.0127895457074448	0.00185779899452336	0.000549431891719564	0.00663877514943424	0.00103454960038069	0.0945493190951865	0.0167003058198926	0.00976482310208388	0.0403209204995178	0.0172084836838356	0.00127317870819795	0.0233059777337971	0.0131481840521131	0.0136033185583705	0.000775728470056406	0.015384714312311	0.00415879820519108	0.00550538760221876	0	0	0.0263471382122723	0.00805186046357321	0.027554586023753	0.0156040024004353	0.000917279002644131	0.00426413451081922	0.00622042391129629	0.00876950449424837	0.0288164855535758	0.00962087164912672	0.00104074479190756	0.00815766820968686	0.0249552330363807	0.00220490187731244	0.0166637622608876	0.00637578968359979	0.0100204951670503	0.000271540420822376	0.000376179456781087	0.00144377815489549	0.000428490024884449	0.00745793532571421
84	0.00343937097094946	0.00025445398247585	0.000861141713657306	0.00454687765384825	0.000540447296859017	0.000216501970113908	0.00433586686642561	0.000491929846768129	0.0400600773870484	0.00694787525688715	0.00574385970144727	0.0177651646000208	0.0116857018889436	0.000685198203593129	0.00669019325812329	0.00929357468942977	0.00678522303464134	0.000782186937881792	0.00600379046103143	0.00115432573151537	0.00201207380138053	0	0	0.00707129861695272	0.00212068741350617	0.0190513193580061	0.0074309252748591	0.00141080405009712	0.00165938716841977	0.00223507924084996	0.00134744578961283	0.00976488641469182	0.00445974380434072	0.000379552331943255	0.00386186732914658	0.026024508105519	0.00115912437122763	0.00210720775337259	0.000170259358620767	0.00304433263335992	0.000235791476313619	0.000230678027636867	0.00156388942271675	0.000119317175041014	0.00314978350592315
85	0.00813680391763036	0.000220215735946135	0.000320897222060679	0.00290753947619279	9.53609351234965e-05	0.000313688014565674	0.0148597167006431	0.00602783511572938	0.00462649748589314	0.0361724961514064	0.0375339366670346	0.0268915640600131	0.0984411112007641	0.00025900618230541	0.160552399642932	0.0112607339334246	0.0391733626205681	0.00039092725837186	0.019298054361959	0.031245437127717	0.00773208751503522	0.000685588920883039	0	0.046328324425824	0.0118453537310856	0.0255953753503221	0.0519529998244098	0.00274794341893097	0.00467014566065008	0.00352948277182691	0.00412629403750945	0.0969180248343424	0.00309747874694072	0.00027789491355268	0.00524906284114448	0.00892555191305282	0.00571616782328668	0.0406875342085821	0.00686399193290464	0.0136747786842089	0.000101264302834959	0.000170275857458819	0.00443678808626513	6.24796304108944e-05	0.00151811453862692
86	0.00605705154705052	0.000272705232128965	0.000362057212093117	0.0110337616676532	0.000117514597306441	5.67673915616018e-05	0.0133779601715376	0.00453261243289329	0.00217067811590716	0.0215877814913589	0.0242024529811896	0.0249927938214915	0.189781174881739	5.73912979496881e-05	0.0953393513775436	0.0117458116255268	0.0285897384795613	0.00058377900718723	0.00760624136995939	0.0197863013905898	0.0038702326886125	0.000411353352529823	0	0.0492703353928849	0.00844838106249205	0.0192950278773532	0.0217283862808958	0.000640197050797471	0.00612208265834381	0.00254836333762024	0.00345482143446828	0.0594919508699212	0.00132376713408225	0.000432264828117407	0.00495734940221768	0.00870362053420625	0.0105454662061914	0.0292796828225261	0.00341929706401376	0.0017815061257323	0.00023104533529851	0.000152848684159475	0.00309602061190787	2.88084110454501e-05	0.00263333262130585
87	0.00372528106583083	4.63828750582916e-05	0.000137744161913794	0.00513059684424656	0.000102406848391741	8.05204596932886e-05	0.00728761530812721	0.00259271134863154	0.00165007254637154	0.0101371843388979	0.0125006111601892	0.014349265935329	0.145036673574087	7.55550162623807e-05	0.0475224499425738	0.00715297315065955	0.0172688456620907	0.000394109003550543	0.0060143602670142	0.0085906952866536	0.00318845584933139	0.000274235568353215	0	0.0271296072707266	0.00431400538063811	0.0112171636988501	0.00877264913664166	0.00028834807690532	0.0016906599871353	0.00265346653384889	0.00127276140749261	0.0256344888242713	0.0023844651254932	0.000150490543160181	0.00441484089373463	0.0045728200440345	0.00700621506401873	0.0196854896705422	0.000218232990055348	0.0019838695066107	6.76424803497797e-05	0.00014336170224504	0.0015048516809063	3.36639090703151e-05	0.00221800082400417
88	0.00558407432085652	0.000173169594923006	0.000301892253360219	0.00755416065639605	0.000192931618461353	0.000142972901128088	0.00763409660988101	0.00328976190854998	0.00361641188283306	0.00781444145279688	0.0110763707904342	0.0217631112929355	0.15734744477127	0.000184150321881633	0.0425050650121746	0.00814534307781275	0.031194874902142	0.000977603078333712	0.00828865698055809	0.0158289336403451	0.00822621156270084	0.000411353352529823	0	0.0215093236373351	0.00529556659700824	0.0179603439243497	0.0112577288592456	0.00355733460997206	0.00133980466483357	0.00610116631310513	0.00329623460757505	0.019319415418507	0.00182464115724757	0.000336253180791083	0.00557871210845189	0.00576231296299955	0.00847664982175413	0.280822658619417	0.00347197399264781	0.00470551053672272	0.000144976660419487	0.000366692474866652	0.00685611402997326	2.82557527336768e-05	0.00515789405118958
89	0	0	0	0	0	0	0	0	0	0	0	0	0	0	0	0	0	0	0	0	0	0	0	0	0	0	0	0	0	0	0	0	0	0	0	0	0	0	0	0	0	0	0	0	0
