"short_visual","R","n"
"ANY",NA,18765456
"<AA>[AAAAAAAAAA]",12,132073
"<TT>[TTTTTTTTTT]",12,129741
"<TT>[TTTTTTTT]",11,89929
"<AA>[AAAAAAAA]",11,89228
"<AA>[AAAAAAAAAA]",13,74490
"<TT>[TTTTTTTTTT]",13,71173
"<AA>[AAAAAAAA]",10,68794
"<TT>[TTTTTTTT]",10,68324
"<AA>[AAAAAAAAAAAA]",14,31675
"<TT>[TTTTTTTTTTTT]",14,30053
"<AA>[AAAAAA]",9,23888
"<TT>[TTTTTT]",9,23717
"<TT>[TTTTTT]",8,5005
"<AA>[AAAAAA]",8,4936
"<CC>[CCCCCCCC]",11,1914
"<GG>[GGGGGGGG]",11,1736
"<TT>[TT]",5,1605
"<AA>[AA]",5,1571
"<CC>[CCCCCCCC]",10,1554
"<GG>[GGGGGGGG]",10,1545
"<AA>[AAAA]",7,1509
"<TT>[TTTT]",7,1439
"<GG>[GGGGGGGGGG]",12,1208
"<CC>[CCCCCCCCCC]",12,1115
"<AA>[AAAA]",6,988
"<TT>[TTTT]",6,899
"<CC>[CCCCCC]",9,849
"<GG>[GGGGGG]",9,809
"<GG>[GGGGGG]",8,371
"<CC>[CCCCCC]",8,359
"<CC>[CCCCCCCCCC]",13,300
"<GG>[GGGG]",6,300
"<GG>[GG]",5,290
"<GG>[GGGGGGGGGG]",13,261
"<CC>[CC]",5,250
"<CC>[CCCC]",6,200
"<GG>[GGGG]",7,188
"<CC>[CCCC]",7,178
"<GG>[GGGGGGGGGGGG]",14,61
"<CC>[CCCCCCCCCCCC]",14,34
