"short_visual","pcawg_R","pcawg_n","fmh_R","fmh_n"
"<AA>[AAAAAAAAAA]",12,314,12,132073
"<AA>[AAAAAAAAAA]",13,135,12,132073
"<TT>[TTTTTTTTTT]",12,293,12,129741
"<TT>[TTTTTTTTTT]",13,116,12,129741
"<TT>[TTTTTTTT]",10,570,11,89929
"<TT>[TTTTTTTT]",11,299,11,89929
"<AA>[AAAAAAAA]",10,584,11,89228
"<AA>[AAAAAAAA]",11,285,11,89228
"<AA>[AAAAAAAAAA]",12,314,13,74490
"<AA>[AAAAAAAAAA]",13,135,13,74490
"<TT>[TTTTTTTTTT]",12,293,13,71173
"<TT>[TTTTTTTTTT]",13,116,13,71173
"<AA>[AAAAAAAA]",10,584,10,68794
"<AA>[AAAAAAAA]",11,285,10,68794
"<TT>[TTTTTTTT]",10,570,10,68324
"<TT>[TTTTTTTT]",11,299,10,68324
"<AA>[AAAAAAAAAAAA]",14,34,14,31675
"<AA>[AAAAAAAAAAAA]",15,22,14,31675
"<TT>[TTTTTTTTTTTT]",14,52,14,30053
"<TT>[TTTTTTTTTTTT]",15,19,14,30053
"<AA>[AAAAAA]",9,2324,9,23888
"<AA>[AAAAAA]",8,681,9,23888
"<TT>[TTTTTT]",9,2299,9,23717
"<TT>[TTTTTT]",8,692,9,23717
"<TT>[TTTTTT]",9,2299,8,5005
"<TT>[TTTTTT]",8,692,8,5005
"<AA>[AAAAAA]",9,2324,8,4936
"<AA>[AAAAAA]",8,681,8,4936
"<CC>[CCCCCCCC]",11,27,11,1914
"<CC>[CCCCCCCC]",10,15,11,1914
"<GG>[GGGGGGGG]",11,33,11,1736
"<GG>[GGGGGGGG]",10,25,11,1736
"<TT>[TT]",5,622,5,1605
"<AA>[AA]",5,612,5,1571
"<CC>[CCCCCCCC]",11,27,10,1554
"<CC>[CCCCCCCC]",10,15,10,1554
"<GG>[GGGGGGGG]",11,33,10,1545
"<GG>[GGGGGGGG]",10,25,10,1545
"<AA>[AAAA]",7,372,7,1509
"<AA>[AAAA]",6,316,7,1509
"<TT>[TTTT]",7,400,7,1439
"<TT>[TTTT]",6,334,7,1439
"<GG>[GGGGGGGGGG]",12,13,12,1208
"<GG>[GGGGGGGGGG]",13,3,12,1208
"<CC>[CCCCCCCCCC]",13,12,12,1115
"<CC>[CCCCCCCCCC]",12,8,12,1115
"<AA>[AAAA]",7,372,6,988
"<AA>[AAAA]",6,316,6,988
"<TT>[TTTT]",7,400,6,899
"<TT>[TTTT]",6,334,6,899
"<CC>[CCCCCC]",8,24,9,849
"<CC>[CCCCCC]",9,17,9,849
"<GG>[GGGGGG]",8,30,9,809
"<GG>[GGGGGG]",9,7,9,809
"<GG>[GGGGGG]",8,30,8,371
"<GG>[GGGGGG]",9,7,8,371
"<CC>[CCCCCC]",8,24,8,359
"<CC>[CCCCCC]",9,17,8,359
"<GG>[GGGG]",6,29,6,300
"<GG>[GGGG]",7,16,6,300
"<CC>[CCCCCCCCCC]",13,12,13,300
"<CC>[CCCCCCCCCC]",12,8,13,300
"<GG>[GG]",5,57,5,290
"<GG>[GGGGGGGGGG]",12,13,13,261
"<GG>[GGGGGGGGGG]",13,3,13,261
"<CC>[CC]",5,67,5,250
"<CC>[CCCC]",6,25,6,200
"<CC>[CCCC]",7,24,6,200
"<GG>[GGGG]",6,29,7,188
"<GG>[GGGG]",7,16,7,188
"<CC>[CCCC]",6,25,7,178
"<CC>[CCCC]",7,24,7,178
"<GG>[GGGGGGGGGGGG]",14,2,14,61
"<GG>[GGGGGGGGGGGG]",15,1,14,61
"<CC>[CCCCCCCCCCCC]",14,2,14,34
"<AA>[AAAAAAAAAAAAAA]",16,7,NA,NA
"<AA>[AAAAAAAAAAAAAA]",17,3,NA,NA
"<AA>[AAAAAAAAAAAAAAAA]",19,1,NA,NA
"<TT>[TTTTTTTTTTTTTTTT]",18,1,NA,NA
"<TT>[TTTTTTTTTTTTTT]",16,1,NA,NA
"<TT>[TTTTTTTTTTTTTT]",17,1,NA,NA
