	C_ID1	C_ID2	C_ID3	C_ID4	C_ID5	C_ID6	C_ID7	C_ID8	C_ID9	C_ID10	C_ID11	C_ID12	C_ID13	C_ID14	C_ID15	C_ID16	C_ID17	C_ID18	C_ID19	C_ID23	ID_A	ID_B	ID_C	ID_D	ID_E	ID_F	ID_G	ID_H	ID_I	ID_J	ID_K	ID_L	ID_M	ID_N
DEL:C:1:0	0.016712132	0.009538129	0.103655762	0.004651604	0.056512989	0.036781488	0.019242292	0.033054077	0.17662914	0.010257225	0.001621038	0.021428279	0.048756263	0.02271917	0.020019196	0	0.008755353	0.002052796	0.024544972	0.035192336	0.282519077	0.051389104	0.030000336	0.005047693	0.01393644	0.013410523	0.047552636	0.021847993	0.165174107	0.035653967	0.000941162	0.024661413	0.220492306	0.013595425
DEL:C:1:1	0.005291613	0.003896337	0.159446173	0.006310254	0.043391956	0.017158337	0.003178177	0.016220403	0.06842282	0.010563423	0.000415144	0.016356704	0.0298788	0.009672321	0.104483752	0	0.005114898	0.00133255	0.020968254	0.119492007	0.123564325	0.04271677	0.017643495	0.001134973	0.007134383	0.006485474	0.005291991	0.007817005	0.000161815	0.007188071	0.001770903	0.005168269	0.024267733	0.006153688
DEL:C:1:2	0.001448281	0.002209664	0.144099888	0.003283263	0.031703846	0.007975626	0.010074912	0.005641964	0.025609247	0.002497985	0.000300264	0.005120571	0.01121025	0.00430207	0.134649664	0	0.00322626	0.000989271	0.00977058	0.055583117	0.027914637	0.025170029	0.005945014	0.000986204	0.003897394	0.015597364	0.006293458	0.005227662	0.003176099	0.004474104	0.002170497	0.008244602	0.008909812	0.002700922
DEL:C:1:3	0.003218659	0.003587036	0.049643974	0.002995121	0.015705912	0.004253388	0.036750796	0.00435063	0.016490076	0.005356121	2.90E-06	0.002939947	0.006269224	0.001809854	0.127519539	0	0.001144833	0.000571718	0.004456335	0.03867314	0.011266884	0.010771586	0.005173444	0.000889002	0.003764953	0.0028276	0.005467689	0.010195374	0.000106309	0.009070323	0.009692447	0.002494949	0.001472306	0.002372028
DEL:C:1:4	0.001167461	0.00752025	0.036615162	0.003635999	0.005844125	0.003283103	0.103623286	0.002926348	0.012059963	0.003284368	2.95E-06	0.003196267	0.0048148	0.001286908	0.081447964	0	0.000625625	0.00107465	0.002180526	0.013049853	0.002031281	0.005318429	0.006648273	0.001423993	0.00237467	0.00716628	0.002533463	0.003890241	0.000100664	0.02249552	0.019007206	0.003311424	0.00102782	0.002225086
DEL:C:1:5+	0.005571777	0.028426195	0.019975728	0.007420353	0.001895567	0.002321066	0.242831355	0.002667124	0.005554078	0.002921363	0.000300402	0.006324911	0.002358233	0.001526724	0.018099548	0	0.000143359	0.001146339	0.001232998	0.006054184	0.003073894	0.002572205	0.006131867	0.022059588	0.00429529	0.003745222	0.009453807	0.001455944	0.000127947	0.118211039	0.036196445	0.008065485	0.000454965	0.0056287
DEL:T:1:0	0.012147229	0.006162741	0.03515308	0.006831989	0.070417465	0.019000096	0.001577238	0.019684376	0.067918004	0.005035505	0.00095019	0.022358563	0.034400821	0.014601133	0.022487317	0	0.016848818	0.090172024	0.023803536	0.233364835	0.026479987	0.055666291	0.462131779	0.005579603	0.017697565	0.009453397	0.005364633	0.03465028	0.137016329	0.018141795	0.000776631	0.013008366	0.069825402	0.008631847
DEL:T:1:1	0.006889521	0.004425731	0.033976419	0.003953845	0.066242598	0.008258936	0.005858229	0.010450891	0.033787551	0.006186779	0.000441963	0.017843685	0.288753908	0.011888798	0.077197312	0	0.008025914	0.141467678	0.015772665	0.110458308	0.019734822	0.050371097	0.022184604	0.000792066	0.016852433	0.009355959	0.00805052	0.015717409	0.026877365	0.003615462	0.00266123	0.01182694	0.021846199	0.004574105
DEL:T:1:2	0.008967308	0.007103515	0.022449849	0.002840366	0.082696922	0.012736449	0.004772807	0.009878644	0.057350754	0.007179553	0.000414821	0.012955705	0.026306573	0.009216917	0.119840943	0	0.002934566	0.111984407	0.010993953	0.042301325	0.012820114	0.038326093	0.016169893	0.002393616	0.004119328	0.005378021	0.010513545	0.013273377	0.018780005	0.005089428	0.056860533	0.00367936	0.017265981	0.007721501
DEL:T:1:3	0.010089037	0.014895553	0.025471731	0.001952536	0.065814819	0.019384649	0.041952049	0.007492519	0.080712508	0.006858224	0.000511269	0.020778773	0.047409438	0.014796098	0.124914301	0	0.000425167	0.245939987	0.012432438	0.012001535	0.005022641	0.025412318	0.021983619	0.006857109	0.001975013	0.011790022	0.011112662	0.024567027	0.013596265	0.005303519	0.240305132	0.02974087	0.013056023	0.012473567
DEL:T:1:4	0.010072935	0.033436159	0.017129582	0.00730203	0.040531107	0.012007229	0.101092396	0.003352725	0.061841612	0.008042716	0.002315479	0.010277585	0.023624541	0.011336018	0.098176333	0	0.000955053	0.091771635	0.010171576	0.006151392	0.012371398	0.013675886	0.014856802	0.009619377	0.004938929	0.014197596	0.00402623	0.007482458	0.005750095	0.003957461	0.478249168	0.022222438	0.001164921	0.02485338
DEL:T:1:5+	0.088882064	0.591759329	0.021903488	0.061549509	0.033946235	0.023831353	0.011486904	0.014092054	0.097164764	0.026540131	0.009493563	0.004962325	0.034247961	0.051891018	0.068970245	0	0.002588872	0.077877124	0.009513655	0.007195709	0.017028354	0.023875162	0.013088842	0.0150377	0.020744621	0.024888364	0.014333046	0.023510976	0.022972156	0.019496554	0.015879621	0.014923424	0.125993982	0.396385414
INS:C:1:0	0.005805601	0.002358431	0.007638563	0.000496397	0.00239077	0.003655991	0.000934527	0.003991844	0.006551657	0.016465606	0.000493113	0.002114944	0.014942223	0.55455429	0	0.353917051	0.006528984	0.006762449	0.005806588	0.002655991	0.026484711	0.004025522	0.017791634	0.017386898	0.246557182	0.004006949	0.00562549	0.011498489	0.142655411	0.003763527	0.000387178	0.021117884	0.009932393	0.005629335
INS:C:1:1	0.001247407	0.000592727	0.005098416	0.000348108	0.006261487	0.002056808	0.000675505	0.0020321	0.004777912	0.008374388	0.22893773	0.002962704	0.004100716	0.018557776	0	0.144700461	0.008476373	0.000974652	0.00561572	0.001820472	0.005562592	0.003541583	0.0046484	0.00589163	0.055159575	0.002384871	0.00376546	0.003453658	0.003411296	0.001866694	0.000380157	0.005774281	0.005416795	0.001298614
INS:C:1:2	0.001282329	0.000748413	0.004427531	0.000457175	0.006531421	0.000898652	0.000977636	0.001641406	0.002690259	0.009452806	0.116634442	0.003783981	0.002456063	0.003015367	0	0.055299539	0.011439986	0.000200911	0.003523741	0.002316788	0.002422572	0.00450483	0.002699453	0.004800238	0.01108261	0.001992911	0.003786442	0.001848685	0.00048921	0.000690507	0.000498339	0.004143571	0.005527699	0.000328127
INS:C:1:3	0.001069392	0.00101159	0.006412519	0.000744464	0.002265296	0.000549023	0.001992982	0.000730186	0.00102664	0.008552502	0.041943579	0.001927948	0.001062621	0.000941463	0	0.010138249	0.020467081	0.000239244	0.003853535	0.005988008	0.000925524	0.002403917	0.010265567	0.011286831	0.013165413	0.003154286	0.003463346	0.00171596	0.000264361	0.00172158	0.001421819	0.007061684	6.64E-05	0.0005647
INS:C:1:4	0.001494338	0.002170696	0.006520661	0.000314302	0.00070732	0.000126645	0.004419951	0.000691164	0.000977669	0.005719279	0.014905962	0.001211548	0.000686355	0.000895514	0	0.004608295	0.007190353	0.000341258	0.002982469	0.000110941	0.002864079	0.001371626	0.007084157	0.050866533	0.008596552	0.00183146	0.002428732	0.0013127	0.000220144	0.000898414	0.002039509	0.068096517	9.26E-05	0.001457388
INS:C:1:5+	0.021030842	0.011666692	0.007812163	0.001534583	0.001930169	0.000916779	0.007792842	0.00039225	0.000987472	0.019233259	0.004151023	0.002047726	0.003287396	0.001811511	0	0	0.00217522	0.000520853	0.005022847	0.001988073	0.002358682	0.002803356	0.015914943	0.285539157	0.024422339	0.003540254	0.003106926	0.002551669	0.000422414	0.005691365	0.004326237	0.428131952	0.000138847	0.017791161
INS:T:1:0	0.008039639	0.001531044	0.018697641	0.000597718	0.007950946	0.006987644	0.004477666	0.005926591	0.009306129	0.004270825	0.000502421	0.004041678	0.029507046	0.0423097	0	0.300460829	0.0077532	0.002151207	0.00784998	0.011271984	0.005811437	0.003822949	0.020162014	0.007222224	0.087004529	0.004983853	0.045742327	0.003472978	0.212884277	0.008602738	0.003800856	0.004401798	0.004029195	0.004773483
INS:T:1:1	0.007409108	0.000765804	0.038952518	0.001893358	0.027984554	0.004439427	0.000878005	0.004581999	0.011735179	0.024805094	0.238157757	0.011992298	0.014243912	0.020619249	0	0.080184332	0.039779985	0.00369862	0.015968705	0.018887345	0.010191208	0.007661618	0.025975527	0.005713161	0.023909572	0.011553521	0.248694854	0.007889635	0.038511147	0.00381328	0.001771553	0.01648398	0.027945006	0.002201493
INS:T:1:2	0.00375783	0.002793769	0.049223979	0.00057274	0.034186211	0.002198281	0.028244058	0.001990467	0.003220491	0.017370546	0.144481795	0.01524647	0.010757112	0.009054001	0	0.031336406	0.030718867	0.000769297	0.003432003	0.007931857	0.005098214	0.006965517	0.010880199	0.022872684	0.019590626	0.001433824	0.167261802	0.00307937	0.015840044	0.004688043	0.003447937	0.004839888	0.009302776	0.002300396
INS:T:1:3	0.00459739	0.002481065	0.027205039	0.001139409	0.020813124	0.001216723	0.011350786	0.002238591	0.003114129	0.019097584	0.093843236	0.015493962	0.011880569	0.004792775	0	0.011981567	0.007335928	0.002153304	0.004285359	0.005507047	0.008109213	0.002508768	0.008216261	0.004495094	0.004559827	0.002013407	0.081499964	0.001674269	0.006718165	0.00390224	0.003759837	0.005520532	9.78E-05	0.003815661
INS:T:1:4	0.011479422	0.003430984	0.008098881	0.000373053	0.010646027	0.001004999	0.004677836	0.000383667	0.003424971	0.008435678	0.047283769	0.003710527	0.010459367	0.00266209	0	0.004608295	0.003936222	0.007098034	0.004433896	0.003535842	0.008660849	0.001858125	0.002515106	0.002290444	0.00196062	0.003586924	0.03638849	0.001986395	0.000106309	0.004505913	0.035543976	0.020272302	0.001868764	0.009368304
INS:T:1:5+	0.563137155	0.119533879	0.040198834	0.008423912	0.019733857	0.023914573	0.024927575	0.006122734	0.033312204	0.077015011	0.037969	0.022225665	0.05600891	0.058872457	0	0.002764977	0.007415039	0.057851879	0.031663935	0.002041273	0.014125245	0.022880802	0.014382737	0.016159781	0.018818757	0.018818816	0.01689419	0.018261143	0.038652265	0.0135354	0.016425804	0.010622379	0.004982788	0.372704467
DEL:repeats:2:0	0.004827829	0.004621913	0.006713667	0.02529399	0.02314451	0.006143881	0.004443366	0.005854555	0.013661138	0.006608527	4.10E-06	0.002320405	0.011937692	0.005835464	0	0	0.028295207	0.007882089	0.01151937	0.029200975	0.104895484	0.025187683	0.005983462	0.002631791	0.010693977	0.081911466	0.01223649	0.008065085	0.030124965	0.013425371	0.000663845	0.004227905	0.011425657	0.00150064
DEL:repeats:2:1	0.008487599	0.008598548	0.013132944	0.127027526	0.020178631	0.006172362	0.01726369	0.009277027	0.012289048	0.019492992	0.001393858	0.006492066	0.006437986	0.00325257	0	0	0.010316938	0.018271411	0.006621536	0.062039327	0.020392608	0.020681468	0.004475625	0.00292952	0.010615163	0.179653328	0.00942066	0.011109698	0.006765205	0.010529903	0.002178818	0.003918929	0.010692124	0.008157425
DEL:repeats:2:2	0.002051025	0.002696816	0.011006357	0.036959744	0.004602052	0.001226347	0.005331147	0.002291714	0.007339822	0.006483704	0.000162389	0.006221087	0.001999949	0.001357121	0	0	0.003069916	0.002062449	0.004215391	0.031585452	0.003552939	0.004140786	0.003888242	0.001147637	0.002650116	0.052718478	0.003091586	0.002840374	0.003505375	0.010508748	0.002280813	0.001668773	0.001896708	0.002169829
DEL:repeats:2:3	0.000776935	0.005060099	0.007608712	0.011342985	0.000905576	0.001357237	0.031492141	0.000188495	0.001954038	0.002175076	4.06E-06	0.001445759	0.000769051	0.00012674	0	0	0.001158135	0.000875958	0.002754984	0.006892297	0.001951233	0.000590726	0.002846258	0.001692135	0.004326334	0.016871313	0.001580659	0.001389531	0.000305756	0.031985107	0.006121648	0.001428457	9.78E-05	0.001019443
DEL:repeats:2:4	0.001146966	0.003240222	0.003331385	0.004040758	0.000173576	0.000210328	0.029793334	0.000220617	0.00097014	0.000345122	3.04E-06	0.002954929	0.000232495	9.01E-05	0	0	0.000599224	0.000336883	0.001885042	0.001262631	0.000434795	0.000401462	0.001728339	0.004467714	0.002468374	0.008834081	0.004596607	0.000704884	5.46E-05	0.079529335	0.009049989	0.00480705	0.012966951	0.000425007
DEL:repeats:2:5+	0.001921029	0.009562336	0.003709578	0.00525802	0.000223572	0.000330694	0.07750094	0.000338072	0.001457696	0.000459603	2.26E-06	0.219571404	0.000341463	0.000185103	0	0	0.000682747	0.000658094	0.006114712	0.00018328	0.001636758	0.000532282	0.003189196	0.008150054	0.001734553	0.004726541	0.001441635	0.001319768	9.60E-05	0.304290344	0.007958207	0.002872587	0.043212108	0.000689239
DEL:repeats:3:0	0.002159737	0.001207006	0.00046922	0.00746394	0.012484006	0.005399332	0.001752572	0.006009897	0.003689567	0.004760793	0.000170868	0.006223517	0.003208509	0.000846151	0	0	0.018461982	0.002838844	0.002891034	0.003256003	0.008664578	0.018802043	0.005014801	0.00044954	0.003633852	0.00444684	0.004665987	0.005354053	0.003731164	0.004716641	0.000266916	0.005419779	0.007932641	0.000671013
DEL:repeats:3:1	0.006349043	0.006281627	0.001114841	0.125774553	0.007634155	0.005377404	0.012928223	0.003007478	0.009985354	0.019139769	0.000474127	0.004690617	0.002511361	0.002564479	0	0	0.009399845	0.003578888	0.004590972	0.001557068	0.013301894	0.005089201	0.017352604	0.001378777	0.007683017	0.003358937	0.00433619	0.005322863	0.006260943	0.009755448	0.003199547	0.003220373	0.007183389	0.006867732
DEL:repeats:3:2	0.00113779	0.002172087	0.0004355	0.037005892	0.001130659	0.000347093	0.004030692	0.00077703	0.001967472	0.001738043	0.000171652	0.005020715	0.000339569	0.00061568	0.000137118	0	0.000285903	0.001442415	0.001004529	0.001226624	0.00162756	0.000630042	0.003130111	0.000380403	0.000899334	0.000674815	0.002611747	0.000686331	0.007884742	0.004397728	0.001241621	0.001891922	0.0025761	0.002032785
DEL:repeats:3:3	0.000428422	0.000603107	8.89E-05	0.008112729	0.000204245	0.000313076	0.003305258	0.000150273	0.000555802	0.001071999	0.000182849	0.002804458	6.73E-05	0.000100815	0	0	0.000736995	0.000254482	0.00047442	0.000774209	0.000554867	0.000343443	0.000921254	0.000195317	0.000577495	0.000354751	0.0023858	0.000425314	0.000145822	0.003542145	0.000335043	0.001394873	0.002766469	0.00033141
DEL:repeats:3:4	0.000187976	0.000380668	5.66E-05	0.003062898	0.000148239	1.93E-05	0.001672663	7.01E-05	0.000466289	0.000556353	3.46E-06	0.064071115	0.000119054	6.63E-05	0	0	0.000489008	0.000130318	0.000288244	1.48E-05	0.000138468	0.000145802	0.000820629	0.000317846	0.00067629	0.00010816	0.00121322	0.000627336	8.37E-05	0.004759949	0.000386853	0.000947827	0.005921536	0.000109542
DEL:repeats:3:5+	9.41E-05	0.000394979	4.33E-05	0.002225482	5.86E-05	6.99E-05	0.004285026	3.33E-05	0.000565927	0.000404935	3.69E-06	0.172280711	0.000142141	0.000143351	0	0	0.000374244	0.000142085	0.000234561	1.98E-05	0.001201963	0.000119533	0.000845745	0.000389416	0.000334164	0.000718015	0.001166585	0.000363469	0.004188387	0.010315791	0.000613855	0.00231434	8.03E-05	9.39E-05
DEL:repeats:4:0	0.001715974	0.000870744	0.000809762	0.00680094	0.008748949	0.004508309	0.001394118	0.006161712	0.002540536	0.005368451	3.13E-06	0.001198833	0.003308205	0.000724713	0	0	0.021534953	0.005194415	0.002850532	0.003824549	0.002753702	0.015763302	0.00194964	0.000545411	0.003209965	0.006073963	0.002274457	0.004600743	0.000113835	0.002285828	0.000367611	0.003220373	0.005406316	0.000404399
DEL:repeats:4:1	0.005267027	0.006269925	0.001242448	0.09329364	0.004789831	0.002929183	0.004542457	0.001495471	0.007358357	0.003084397	0.000318788	0.004306744	0.001048609	0.001578627	0	0	0.004107451	0.003198944	0.005380554	0.001767813	0.002753453	0.003694427	0.0048312	0.00076556	0.003922581	0.022205187	0.005937479	0.000699416	0.000264361	0.003734474	0.001236421	0.004169692	0.002108909	0.003943432
DEL:repeats:4:2	0.001639191	0.002428142	0.00033187	0.023969926	0.000680433	0.000931449	0.003599945	0.000339497	0.001978487	0.00135904	2.03E-06	0.002557289	0.000301004	0.000222468	0	0	0.000557893	0.000769158	0.003291286	4.79E-05	0.001726005	0.000599191	0.004778194	0.000576633	0.002319703	0.004715189	0.003215712	0.000511247	0.003688829	0.00594627	0.000471361	0.001540405	9.61E-05	0.001187157
DEL:repeats:4:3	0.001040063	0.000920691	0.000121816	0.011584094	0.000394556	0.000361738	0.003982553	0.000114432	0.000760338	0.00197327	1.61E-06	0.03450773	0.000178468	0.000133669	0	0	0.00043917	0.000390813	0.002600544	4.89E-05	0.000605084	0.000381211	0.001774092	0.000335339	0.001077325	0.002553259	0.000571347	0.000764462	0.000110072	0.010617454	0.000341413	0.004259997	0.002664298	8.59E-05
DEL:repeats:4:4	0.000125357	0.000243547	9.72E-05	0.004490351	0.000136362	2.96E-05	0.001748281	7.74E-05	0.000398053	0.000543565	2.58E-06	0.04129013	4.44E-05	5.96E-05	0	0	0.000255385	0.000239412	0.000708439	6.08E-05	0.001454786	0.000249617	0.00081263	0.00037371	0.000271886	0.00374869	0.000186276	0.000531435	0.000254953	0.002689297	0.000474091	0.001729224	8.65E-05	3.70E-05
DEL:repeats:4:5+	0.000143813	0.000380553	1.64E-05	0.001086566	1.82E-05	5.60E-05	0.002642684	7.89E-05	0.000207617	0.000233138	2.07E-06	0.010834201	4.42E-05	5.67E-05	0	0	6.77E-05	0.000135196	0.00022558	1.39E-05	4.28E-05	4.51E-05	0.002225494	0.000358993	0.000152307	0.000588413	0.000348838	0.000151646	0.00019098	0.006491185	0.000240784	0.002840496	6.99E-05	0.000112008
DEL:repeats:5+:0	0.011844243	0.003165093	0.004934744	0.003995989	0.053165784	0.072934815	0.001306508	0.223433731	0.016720509	0.061510897	0.000995442	0.014193654	0.036119987	0.005336003	0.000274236	0	0.051666607	0.01183522	0.159101487	0.015263269	0.008879116	0.131915791	0.009516875	0.001786675	0.005809976	0.014944307	0.009618132	0.145085422	0.000171223	0.004532861	0.000363711	0.014955516	0.003734035	0.001858311
DEL:repeats:5+:1	0.004488638	0.003590483	0.000795616	0.013733889	0.001492836	0.005537668	0.001252885	0.001928326	0.004445737	0.004914096	0.000540392	0.001511033	0.002402005	0.001344646	0	0	0.003133531	0.001840848	0.006930895	0.000540865	0.006706881	0.002540168	0.003261292	0.00066851	0.001920084	0.002433432	0.002514421	0.044756738	0.000136414	0.003261291	0.000408175	0.002197167	0.000171158	0.002029854
DEL:repeats:5+:2	0.000899792	0.001177599	0.000198605	0.001256648	9.61E-05	0.000146572	0.001224894	0.000374055	0.000978344	0.000618255	2.72E-06	0.00490523	0.000160795	0.000168231	0	0	0.000149037	0.000301726	0.000763648	0.000520645	0.002827286	0.00033403	0.000569252	0.001048533	0.000619715	0.002102962	0.00230778	0.003708923	5.36E-05	0.00188223	0.000230057	0.000394057	0.000123129	0.000322817
DEL:repeats:5+:3	0.000237755	0.000458588	0.000113265	0.000474111	5.15E-05	0.000132494	0.001499205	5.38E-05	0.000181946	0.000404324	1.75E-06	0.000969805	2.93E-05	4.98E-05	0	0	0.000203421	0.000116881	0.000514556	1.43E-05	0.000399246	0.000229566	0.000668064	0.000465208	0.00020402	0.001722354	0.00066162	0.000632487	0.000486387	0.000872247	9.32E-05	0.000582876	8.91E-05	0.000112967
DEL:repeats:5+:4	6.24E-05	0.000127752	2.05E-05	6.05E-05	3.08E-06	1.41E-05	0.000458255	2.49E-05	3.74E-05	7.10E-05	9.35E-06	0.000276243	1.86E-05	1.87E-05	0	0	5.64E-05	8.89E-05	8.55E-05	1.08E-07	0.000932982	1.84E-05	0.000589729	0.000101119	0.000111962	0.000952624	0.000365588	0.000271768	3.10E-05	0.000313618	2.10E-05	0.000674674	6.72E-05	1.49E-05
DEL:repeats:5+:5+	1.51E-05	2.53E-05	6.91E-06	0.000196898	1.57E-06	6.23E-06	0.000194089	2.56E-05	5.09E-05	0.000139649	4.61E-07	0.00020125	9.31E-06	1.39E-05	0	0	3.77E-05	2.77E-05	2.34E-05	1.30E-06	3.21E-05	8.77E-05	8.41E-05	9.21E-05	2.81E-05	2.59E-05	0.0001727	0.000233728	5.93E-05	0.000964201	1.24E-06	0.000247032	3.23E-05	3.25E-05
INS:repeats:2:0	0.007422545	0.002160141	0.008153855	0.000528431	0.005453584	0.006458085	0.001979256	0.001532901	0.002776004	0.011294273	0.000161007	0.008679897	0.01380043	0.021000143	0	0	0.01843341	0.001274379	0.017716511	0.001786952	0.002806653	0.001816687	0.015181769	0.012380505	0.109365233	0.003703282	0.012630112	0.00436183	0.027371279	0.014313349	0.00066417	0.003225597	0.008164053	0.002670332
INS:repeats:2:1	0.003046041	0.001546326	0.003256063	0.000718469	0.015823628	0.001173297	0.002237114	0.001396756	0.001050586	0.040403258	3.00E-06	0.00812725	0.004482804	0.001228182	0	0	0.061785576	0.002883353	0.008781628	0.002683888	0.01134196	0.003376266	0.004052059	0.003545664	0.005713516	0.002595829	0.007950285	0.004948459	0.000134533	0.002097297	0.000321326	0.005035424	0.000128368	0.001073129
INS:repeats:2:2	0.001653644	0.000815871	0.001061008	0.0001561	0.006006481	0.000925496	0.001356323	0.000617252	0.001267121	0.01413468	0.000176076	0.002393617	0.002087033	0.000559065	0	0	0.040977077	0.006999207	0.002491122	0.00081173	0.001122661	0.001586484	0.001570708	0.004714559	0.002441771	0.002376672	0.000949454	0.003551109	0.000118539	0.001287019	0.000253135	0.002357626	9.96E-05	0.000770888
INS:repeats:2:3	0.00077967	0.000901172	0.001193604	0.000585968	0.001117169	0.000636898	0.00448818	0.000248707	0.000567877	0.005385416	0.000358188	0.000438943	0.001091094	0.000630891	0	0	0.009471649	0.002285371	0.003220524	0.000340501	0.002097408	0.000401887	0.000795726	0.013387701	0.003046022	0.003151763	0.000955096	0.001124814	0.000156171	0.00153344	0.001632114	0.00265914	6.64E-05	0.000488812
INS:repeats:2:4	0.003343592	0.002365568	0.000445983	0.000780568	0.000224054	0.000401649	0.00927332	0.000114296	0.000291043	0.003536001	0.000484634	0.0009102	0.000592936	0.000528712	0	0	0.001787945	0.001455823	0.001773891	0.000922671	0.00202606	0.000621452	0.001708022	0.057483184	0.002822557	0.003114238	0.001238697	0.001231184	0.000318927	0.002249572	0.007478005	0.005516054	8.38E-05	0.001666735
INS:repeats:2:5+	0.026234631	0.015097883	0.001185852	0.001653267	0.000255203	0.002336957	0.025987137	0.001010439	0.000819787	0.007712623	0.000699141	0.024716627	0.004602285	0.002052036	0	0	0.003211307	0.003775268	0.00492542	0.000182956	0.004844646	0.001487739	0.011386206	0.274510694	0.006154666	0.007164388	0.009274759	0.002721601	0.002557061	0.013977946	0.003095992	0.024709178	0.001686254	0.012744128
INS:repeats:3:0	0.002856301	0.000724968	0.001044997	0.000622236	0.003275187	0.003610674	0.000688434	0.000236574	0.000195571	0.006339216	3.46E-06	0.004181216	0.004838028	0.007821693	0	0	0.013131153	0.000611325	0.007171927	0.000755827	0.002965506	0.0011934	0.00654898	0.001099834	0.026287151	0.002042418	0.00262065	0.000883335	0.000111954	0.004264526	8.20E-05	0.003254703	0.220056552	0.000269837
INS:repeats:3:1	0.002510246	0.000601302	0.000321508	0.000278296	0.005183549	0.000539118	0.000242285	0.001335346	0.002711709	0.040664265	0.000171467	0.004583959	0.004057598	0.00104557	0	0	0.077651561	0.000756151	0.003639672	0.001602915	0.0044454	0.001275066	0.001439793	0.000956275	0.003851882	0.00152937	0.002508426	0.004052622	0.000628446	0.000648044	0.000368391	0.004351795	8.91E-05	0.000978346
INS:repeats:3:2	0.000343153	0.000146139	0.000140461	0.000143694	0.001081077	0.00066399	0.000438193	0.000124068	0.000401505	0.006315728	0.000184324	0.000649668	0.000554976	0.000252519	0	0	0.01385471	0.000419337	0.000803053	0.000302331	0.00108388	0.000391349	0.000289825	0.001980622	0.002041042	0.001167997	0.000959327	0.000310626	3.86E-05	0.000305894	0.000185463	0.001367259	8.82E-05	0.000168099
INS:repeats:3:3	6.38E-05	8.65E-05	1.40E-05	5.43E-05	3.12E-05	4.91E-05	0.00025942	4.86E-05	8.59E-05	0.000988699	2.95E-06	4.06E-05	4.33E-05	0.000150353	0	0	0.000665146	0.000201021	0.000208388	3.76E-05	0.00092975	6.38E-05	0.000560506	0.002281583	0.000181819	2.52E-05	6.82E-05	0.000290705	9.13E-05	0.00038253	0.000275952	0.000497049	4.10E-05	2.93E-05
INS:repeats:3:4	0.000186707	8.35E-05	3.80E-05	6.73E-05	7.71E-06	2.12E-05	0.000661296	0.000149331	8.57E-05	0.000686475	1.34E-06	0.000418778	1.94E-05	0.000353527	0	0	4.76E-05	0.000687753	2.97E-05	8.07E-05	0.000462886	2.58E-05	0.000887873	0.004249275	0.000138335	2.33E-05	0.001114131	0.000190903	0.000207914	0.000700271	0.000152635	0.003824146	5.24E-05	3.38E-05
INS:repeats:3:5+	0.001139989	0.001204567	4.87E-05	0.000119143	3.56E-05	0.0001771	0.004699576	0.000115677	0.000109823	0.00241285	0.000180131	0.000422422	0.000219557	0.000656532	0	0	0.000702157	0.000379121	0.000163307	1.64E-05	0.003226284	0.000200225	0.002495749	0.031060158	0.000759314	0.001604419	0.001295823	0.001075671	7.81E-05	0.002288996	0.000712405	0.016364569	0.002735032	0.000848696
INS:repeats:4:0	0.004660378	0.001590949	0.004028251	0.00022995	0.001894899	0.004269109	0.000605996	0.000905161	0.000216122	0.004675506	0.000182158	0.003899143	0.02051879	0.012597197	0	0	0.009432987	0.001621501	0.01251377	0.000752367	0.007890449	0.000730623	0.006515599	0.000999894	0.02210432	0.003341909	0.015710767	0.001659799	8.66E-05	0.008838331	0.000199309	0.000967978	0.001813749	0.000144567
INS:repeats:4:1	0.002170799	0.001735372	0.000376884	0.001022957	0.003468996	0.000540461	0.000281586	0.001720643	0.002250263	0.043463557	0.000357496	0.004904258	0.004663129	0.000286592	0	0	0.14134505	0.000290057	0.00230506	0.001171802	0.005092248	0.001751015	0.001618115	0.001013166	0.003186884	0.00299315	0.003616122	0.001685421	0.003198678	0.000721166	0.000133458	0.004608529	0.002587452	0.001807717
INS:repeats:4:2	0.000524911	0.00014575	7.24E-05	4.73E-05	0.000326491	0.000427046	0.000544047	8.17E-05	0.000205771	0.00312755	2.63E-06	0.00068271	0.000336224	5.85E-05	0	0	0.005736225	0.000191131	0.000538182	0.000284922	0.000351515	0.000150984	0.001159674	0.00156238	0.001221938	0.001048485	0.00078266	0.00043895	8.00E-05	0.000415901	0.000187933	0.000100007	0.000102171	3.77E-05
INS:repeats:4:3	0.000281511	0.000169169	6.67E-05	0.000171658	5.07E-06	5.14E-05	0.001071185	6.42E-05	0.000109847	0.001450543	1.75E-06	9.83E-05	6.63E-05	8.99E-05	0	0	0.000289477	0.000472694	0.000258262	4.00E-06	0.000845476	4.07E-05	0.001476482	0.006235298	0.001298034	0.00185984	0.000535643	0.000420863	6.68E-05	0.000662647	0.000289408	0.000738857	6.29E-05	4.42E-05
INS:repeats:4:4	0.000627098	0.000271394	4.90E-05	0.000181505	1.64E-05	0.000174185	0.002122592	0.000252874	7.35E-05	0.000557219	1.43E-06	0.000742235	0.000156734	0.000253791	0	0	0.000188264	0.000285474	0.000480374	1.52E-05	0.000535477	0.000138249	0.001554444	0.008545897	0.000411868	0.000499174	0.000728443	0.000444851	8.00E-05	0.001015842	0.00020659	0.000663479	0.000105664	0.000305823
INS:repeats:4:5+	0.001275906	0.000531842	2.37E-05	0.000307868	0.000129838	0.000135904	0.001417051	0.000234446	0.000288953	0.00170457	2.26E-06	0.000968671	8.18E-05	0.000560324	0	0	0.000105466	0.000627705	0.000376804	2.49E-05	0.003933043	0.000326788	0.000664011	0.014567206	0.001322532	0.002278603	0.002055122	0.00054392	0.000157112	0.001558956	0.000467786	0.004260743	0.000106537	0.001103328
INS:repeats:5+:0	0.016892972	0.004086751	0.006929178	0.000246393	0.003371195	0.019117209	0.009895088	0.001084562	0.000210266	0.0160112	0.000729002	0.002868922	0.040520893	0.017938219	0	0	0.00691834	0.002984556	0.329583886	0.002344145	0.006036914	0.004217882	0.016883071	0.001960657	0.054829583	0.008795926	0.028300768	0.005700202	0.0084558	0.027118904	0.000289083	0.007513954	9.26E-05	0.000888119
INS:repeats:5+:1	0.007849485	0.001903089	0.001530396	0.002719253	0.009988422	0.006559053	0.00078815	0.01300992	0.009422286	0.213791259	0.00122428	0.007553223	0.018400417	0.008805389	0	0	0.005167993	0.001011896	0.012255357	0.00145986	0.008663335	0.004091482	0.012649545	0.002614869	0.004635732	0.016841041	0.016224107	0.01507327	0.000233315	0.002572303	0.000192289	0.005765326	0.016564758	0.004180992
INS:repeats:5+:2	0.000575585	0.000366903	0.000100816	0.000137129	0.000228785	0.000479235	0.000277011	0.000174013	0.000370517	0.002612108	0.000372473	0.003386179	0.000310579	0.000253677	0	0	0.000515883	0.000328268	0.00125632	0.000263837	0.001109983	0.000372896	0.002581816	0.001240199	0.000506682	0.001478916	0.001632408	0.001728396	7.90E-05	0.000788559	4.94E-05	0.001456071	8.99E-05	9.14E-05
INS:repeats:5+:3	0.000235735	0.000197601	1.45E-05	0.000138442	3.02E-05	5.68E-05	0.000168116	0.00018435	9.46E-05	0.000379818	3.36E-06	0.001705318	0.000158385	0.000223386	0	0	8.23E-05	0.000127009	0.000563245	1.49E-05	0.000501419	0.000238905	0.000154111	0.000740841	0.001068483	0.001067721	0.000447398	0.00141732	7.43E-05	0.000420826	6.79E-05	0.002088205	7.16E-05	0.000209164
INS:repeats:5+:4	0.000152596	4.89E-05	3.03E-05	2.91E-05	1.56E-05	1.00E-06	0.000340978	6.40E-05	0.00018019	0.000291474	4.19E-06	0.000105929	3.28E-05	2.64E-05	0	0	9.37E-05	0.000158163	4.81E-05	2.32E-05	0.000197883	7.51E-05	0.00093176	0.001040167	0.000283102	0.00180781	0.000874255	0.000696066	4.89E-05	0.000171672	8.52E-06	0.000702288	0.000140594	9.31E-05
INS:repeats:5+:5+	0.000214837	9.20E-05	1.41E-05	0.000123443	1.65E-05	6.73E-05	0.00019642	7.31E-05	0.00010842	0.00046857	1.80E-06	0.000473767	3.92E-05	2.82E-05	0	0	0.000152159	7.81E-05	4.31E-05	1.71E-05	0.000518323	2.11E-05	0.000120623	0.00068068	0.000499983	0.000117935	0.000612869	0.000444518	0.000158993	6.04E-05	3.32E-06	0.001432189	6.29E-05	0.000110514
DEL:MH:2:1	0.008463762	0.007141587	0.009587649	0.091531273	0.022742326	0.005262443	0.010664369	0.007073528	0.012946553	0.006146122	0.000296393	0.011315095	0.007526454	0.003663153	0	0	0.017245866	0.007799224	0.01045195	0.04638744	0.05349918	0.022611508	0.00813334	0.003574262	0.011893293	0.246360337	0.011300172	0.014129207	0.010328909	0.015665179	0.001587585	0.005221258	0.011147962	0.005419578
DEL:MH:3:1	0.002003897	0.000940435	0.000358627	0.005453244	0.009965434	0.003671463	0.002393209	0.004284186	0.004283728	0.003930339	0.000172389	0.005279708	0.002355524	0.000533892	0	0	0.013762682	0.00344762	0.00324859	0.002980812	0.00468281	0.017897713	0.003450652	0.000171092	0.001166589	0.002857556	0.001899436	0.006779391	0.000125125	0.002793359	0.000329777	0.005226482	0.002528071	0.000248039
DEL:MH:3:2	0.003791792	0.004095848	0.000686592	0.062280352	0.007772293	0.004561463	0.008813303	0.003075272	0.005259487	0.010677139	0.000327636	0.00644153	0.001866778	0.001259566	0	0	0.006701911	0.005261045	0.003781675	0.001915626	0.008916157	0.011204374	0.00346073	0.001825997	0.007298212	0.007245744	0.00236473	0.005010254	0.007245947	0.007450244	0.000776956	0.00258003	0.002219812	0.003653917
DEL:MH:4:1	0.002637297	0.001286967	0.000465105	0.019621168	0.006997687	0.003877031	0.003261951	0.005268164	0.003278577	0.002244569	2.95E-06	0.004599589	0.00207143	0.000760534	0	0	0.020598178	0.00424828	0.003380678	0.003942843	0.001987528	0.014548028	0.003649876	0.00046304	0.004942948	0.002124405	0.003545332	0.002990219	0.000125125	0.010479283	0.000328022	0.002924084	0.004804644	0.000302619
DEL:MH:4:2	0.002344549	0.002662991	0.000672404	0.039120928	0.005448661	0.004581585	0.002387298	0.003035723	0.005427299	0.002808004	3.00E-06	0.00613921	0.001146745	0.000858561	0	0	0.014311639	0.003435331	0.003378206	0.002259155	0.004168464	0.007607557	0.00172034	0.00060717	0.001421862	0.013075954	0.002514597	0.004185847	0.000185335	0.001262566	0.000555349	0.004477176	0.000103917	0.000802023
DEL:MH:4:3	0.004030818	0.003517526	0.00072392	0.059712834	0.004547429	0.004614865	0.004120121	0.001698198	0.006853192	0.00535872	0.000711399	0.002212856	0.000928115	0.001431119	0	0	0.003613693	0.00186991	0.006051795	0.002978109	0.004589089	0.005317368	0.005035331	0.001086714	0.004250773	0.016094015	0.002307075	0.001011826	0.000212618	0.002459193	0.000689327	0.002848705	0.002287926	0.002328982
DEL:MH:5+:1	0.011527532	0.003539826	0.004231238	0.005210625	0.041828039	0.102054817	0.002579512	0.248577811	0.017864514	0.033057359	0.000445696	0.016663802	0.031912644	0.005193877	0.000685589	0	0.050348214	0.013614947	0.05382466	0.00725983	0.004337509	0.119681811	0.010301775	0.001645169	0.009356249	0.011246386	0.005391521	0.096285098	0.006873395	0.02037748	0.000381327	0.012858355	0.007854921	0.00309371
DEL:MH:5+:2	0.007877503	0.004133609	0.002500301	0.004821555	0.024561755	0.185997176	0.001512135	0.152023586	0.019505371	0.021380058	0.000464266	0.007261917	0.01830448	0.003254878	0.000411353	0	0.049122121	0.007423075	0.02027345	0.008075885	0.009438955	0.072414041	0.008504593	0.001389843	0.006208064	0.005336397	0.012942454	0.063665471	0.00320056	0.002583021	0.000266656	0.007919953	0.004220437	0.003759522
DEL:MH:5+:3	0.005020744	0.003325681	0.001820802	0.008120409	0.012346067	0.151451063	0.001366468	0.075168912	0.01153454	0.0135554	0.000872037	0.008325098	0.008661246	0.00308642	0.000274236	0	0.03024108	0.005480132	0.006395766	0.002650368	0.001739926	0.036348571	0.009816885	0.00102834	0.007193714	0.008304635	0.011457445	0.042069926	0.000200388	0.004727706	0.000448154	0.012248611	0.002181389	0.001830075
DEL:MH:5+:4	0.003356594	0.002548803	0.001309766	0.006943321	0.005607577	0.083601017	0.000498181	0.030115615	0.008388435	0.00688222	0.000160224	0.001236653	0.003567155	0.001687537	0.000274236	0	0.011446841	0.001961652	0.005146787	0.000897693	0.002669179	0.014631904	0.004710737	0.000565452	0.003222367	0.009840627	0.004321468	0.033642188	0.000246486	0.001404577	0.000159981	0.010773882	0.00011265	0.001505357
DEL:MH:5+:5+	0.006047014	0.003409456	0.001295775	0.001987393	0.003623973	0.071942433	0.000949958	0.02203905	0.005539215	0.008580269	0.000704993	0.005421028	0.010790213	0.002845576	0.000137118	0	0.010775247	0.003799023	0.007567298	0.001061293	0.007033785	0.011004635	0.004238432	0.001198025	0.00637461	0.006844639	0.003296993	0.206696718	0.004002111	0.004678626	0.000300004	0.014722664	0.010867648	0.002539528
