"","type89","exemplar","type83","type476","tmp","cosmicID","cosine_v_cosmic","jinID","cosine_v_jin","KohID","cosine_v_koh","cosine_v_exemplar83","exemplar83","cosine_v_exemplar89","exemplar89","cosine_v_exemplar476","exemplar476","cosine_koh_v_exemplar_koh","exemplar_koh"
"1","InsDel1a","Biliary::DRUP01010095T","C_ID1","InsDel1a_476","H,S","ID1",0.998997225097456,"jinID1",0.998577618923022,"InD1",0.982523066590155,0.99953249459654,"CNS::SP78729",0.980247231981804,"Biliary::DRUP01010095T",0.965583063752088,"Biliary::DRUP01010095T",0.956997499985148,"Biliary::DRUP01010095T"
"2","InsDel1b","Colon::SP21400","C_ID1","InsDel1b_476","H,S","ID1",0.998997225097456,"jinID1",0.998577618923022,"InD15",0.961293866458291,0.99953249459654,"CNS::SP78729",0.987184801324652,"Colon::SP21400",0.954103501423701,"Colon::SP80615",0.966054134118615,"Colon::SP16886"
"3","InsDel1c","Liver::SP49229","C_ID1","InsDel1c_476","H,S","ID1",0.998997225097456,"jinID1",0.998577618923022,"InD14",0.93647989440547,0.99953249459654,"CNS::SP78729",0.923032940882415,"Prostate::SP112907",0.946135719652285,"Lymphoid::SP116676",0.920010076702045,"Liver::SP49229"
"4","InsDel1d","Stomach::SP135182","C_ID1","InsDel1d_476","H ","ID1",0.998997225097456,"jinID1",0.998577618923022,"InD21",0.909292168067431,0.99953249459654,"CNS::SP78729",0.983675304020195,"Lymphoid::SP59448",0.925190047811303,"Esophagus::SP110851",0.953217231358167,"Colon::SP96126"
"5","InsDel1e","Bone.SoftTissue::CPCT02020428T","C_ID1","","","ID1",0.998997225097456,"jinID1",0.998577618923022,"InD1",0.790700211174209,0.99953249459654,"CNS::SP78729",0.99675737544784,"Bone.SoftTissue::CPCT02020428T",NA,NA,0.956997499985148,"Biliary::DRUP01010095T"
"6","InsDel2a","Esophagus::CPCT02010569T","C_ID2","InsDel2a_476","H,S","ID2",0.997328276273132,"jinID2",0.998910219060755,"InD2b",0.905687533553426,0.998782402648261,"Breast::CPCT02200005T",0.990263031835388,"Esophagus::CPCT02010569T",0.984089812279242,"Esophagus::CPCT02330132T",0.947009370644604,"Skin::WIDE01010381T"
"7","InsDel2b","Colon::SP96118","C_ID2","InsDel2b_476","H,S","ID2",0.997328276273132,"jinID2",0.998910219060755,"InD16a",0.795099579296297,0.998782402648261,"Breast::CPCT02200005T",0.933667457882777,"Colon::SP96118",0.963570582002969,"Uterus::SP93227",0.95368451117216,"Uterus::SP93227"
"8","InsDel2c","Breast::CPCT02330076T","C_ID2","InsDel2c_476","H,S","ID2",0.997328276273132,"jinID2",0.998910219060755,"InD2b",0.838226645430286,0.998782402648261,"Breast::CPCT02200005T",0.979438082042213,"Lymphoid::CPCT02120032T",0.951844891569619,"Breast::CPCT02330076T",0.947009370644604,"Skin::WIDE01010381T"
"9","InsDel3a","Lung::CPCT02011046T","C_ID3","InsDel3a_476","H,S","ID3",0.992673228911433,"jinID3",0.952591757171972,"InD3a",0.913569151804241,0.994081030993053,"Lung::SP54113",0.955553526939092,"Lung::SP58101",0.893019587432259,"Lung::SP57538",0.957708233433206,"Lung::CPCT02020872T"
"10","InsDel3b","Other::CPCT02020815T","C_ID3","InsDel3b_476","H,S","ID3",0.992673228911433,"jinID3",0.952591757171972,"InD3b",0.953522795429812,0.994081030993053,"Lung::SP54113",0.992284649786582,"Lung::SP56079",0.986248050759346,"Lung::DRUP01040010T",0.970100585037336,"Lung::CPCT02010867T"
"11","InsDel4a","CNS::CPCT02100089T","C_ID4","InsDel4a_476","H,S","ID4",0.906070052788977,"jinID24",0.821115681470324,"InD4a",0.966662811632486,0.969209064510236,"CNS::SP23925",0.982162017308068,"CNS::SP23925",0.933092381562497,"CNS::SP48189",0.978429398753506,"CNS::SP48189"
"12","InsDel4b","Breast::SP8564","C_ID4","InsDel4b_476","H,S","ID4",0.906070052788977,"jinID24",0.821115681470324,"InD4b",0.833276816384228,0.969209064510236,"CNS::SP23925",0.934012903408357,"Ovary::SP101536",0.880799254002028,"CNS::SP28659",0.903504068315276,"Breast::SP117710"
"13","InsDel5a","Kidney::SP39298","C_ID5","InsDel5a_476","H,S","ID5",0.926476648368845,"jinID5",0.917914289436428,"InD29",0.935886957829521,0.993619508750451,"Kidney::SP102755",0.989382343252623,"Kidney::SP39298",0.972120725921391,"Kidney::SP97194",0.955846149773534,"Kidney::SP102795"
"14","InsDel5b","Liver::SP50151","C_ID5","InsDel5b_476","H,S","ID5",0.926476648368845,"jinID5",0.917914289436428,"InD29",0.864194088370001,0.993619508750451,"Kidney::SP102755",0.978773666030853,"Liver::SP112290",0.949248085417723,"Liver::SP112290",0.955846149773534,"Kidney::SP102795"
"15","InsDel6","Ovary::SP62616","C_ID6","InsDel6_476","H,S","ID6",0.976897023687361,"jinID6",0.944114063095185,"InD6",0.974701292029618,0.985915157030253,"Ovary::SP102035",0.993735864660899,"Ovary::SP62616",0.992849550804921,"Ovary::SP67609",0.973099321757497,"Ovary::SP62616"
"16","InsDel7","Uterus::SP94741","C_ID7","InsDel7_476","H,S","ID7",0.93815090525605,"jinID7",0.783775824268254,"InD7",0.952304857203525,0.588778420305084,"Lymphoid::SP115085",0.991109179818513,"Uterus::SP94741",0.988882432392946,"Uterus::SP93540",0.991802585916902,"Colon::SP21017"
"17","InsDel8","Breast::SP116365","C_ID8","InsDel8_476","H,S","ID8",0.988112916431121,"jinID8",0.963649979548626,"InD8",0.943597731896528,0.970493117892895,"Breast::SP116365",0.959781921115764,"Breast::SP116365",0.980706481370536,"Breast::SP9816",0.96954203148116,"Bladder::CPCT02070336T"
"18","InsDel9","Uterus::SP90629","C_ID9","InsDel9_476","H,S","ID9",0.913322434810178,"jinID18",0.819087694975377,"InD9b",0.919687678194686,0.950816361809823,"Pancreas::SP102617",0.924833526036329,"Pancreas::SP102617",0.837408762918428,"Bone.SoftTissue::SP116520",0.911745858901143,"Bone.SoftTissue::SP121761"
"19","InsDel10","Other::SP109957","C_ID10","","","ID10",0.803094126780228,"jinID10",0.801233984886824,"InD29",0.861164194905442,0.934719326892033,"Other::SP109957",0.859358364302864,"Other::SP109957",NA,NA,0.955846149773534,"Kidney::SP102795"
"20","InsDel11","Pancreas::SP77956","C_ID11","InsDel11_476","H,S","ID11",0.964904999195456,"jinID11a",0.998558317961486,"InD10",0.409897869591836,0.999770604768324,"Pancreas::SP77956",0.999997101252786,"Pancreas::SP77956",0.993797740041466,"Pancreas::SP77956",0.797738431994018,"Bone.SoftTissue::CPCT02080181TII"
"21","InsDel12","Prostate::SP112985","C_ID12","InsDel12_476","H","ID12",0.945036842321925,"jinID12",0.953603991343096,"InD9c",0.307126793660807,0.957867403003547,"Prostate::SP112959",0.981915246549224,"Prostate::SP112985",0.973035023664278,"Prostate::SP112947",0.90534433110726,"CNS::SP29331"
"22","InsDel13","Skin::SP124439","C_ID13","InsDel13_476","H,S","ID13",0.983749624781301,"jinID13",0.983749624640517,"InD13",0.98989655845458,0.983879088998685,"Skin::SP124319",0.987525935953568,"Skin::SP124439",0.985686998843089,"Skin::SP124439",0.989141237028082,"Skin::SP124439"
"23","InsDel14","Colon::CPCT02040258T","C_ID14","InsDel14_476","H,S","ID14",0.973511853414605,"jinID14",0.948565990115294,"InD12",0.980296456398047,0.978966211440442,"Colon::SP81137",0.992422611199075,"Colon::CPCT02340014T",0.96236777356595,"Colon::CPCT02190017T",0.985997843632141,"Colon::CPCT02050104T"
"24","InsDel15","WES::TCGA-EW-A2FV-01A-11D-A17D-09","C_ID15","","From WES",NA,NA,NA,NA,NA,NA,NA,NA,NA,NA,NA,NA,NA,NA
"25","InsDel16","WES::TCGA-13-0889-01A-01W-0420-08","C_ID16","","From WES",NA,NA,NA,NA,NA,NA,NA,NA,NA,NA,NA,NA,NA,NA
"26","InsDel17","Other::CPCT02250003T","C_ID17","InsDel17_476","H","ID17",0.913211851199624,"jinID17",0.819535100081141,"InD29",0.441944566016115,0.998055396137296,"Other::CPCT02250003T",0.999098612037334,"Other::CPCT02250003T",0.999651240336938,"Other::CPCT02250003T",0.955846149773534,"Kidney::SP102795"
"27","InsDel18","Head::CPCT02070053T","C_ID18","InsDel18_476","H,S","ID18",0.974862688197093,"jinID18",0.87862623225877,"InD18",0.997866554953489,0.926638815782996,"Head::CPCT02070053T",0.990826011212309,"Head::CPCT02070053T",0.994357147354016,"Head::CPCT02070053T",0.990328680599254,"Head::CPCT02070053T"
"28","InsDel19a","Bone.SoftTissue::CPCT02020325T","C_ID19","InsDel19a_476","H,S","ID19",0.934723603524427,"jinID23",0.862587672187798,"InD10",0.73910545675909,0.963050487422271,"Kidney::CPCT02180003T",0.956199772930876,"Bone.SoftTissue::CPCT02010408T",0.898058905377779,"Breast::CPCT02380034T",0.797738431994018,"Bone.SoftTissue::CPCT02080181TII"
"29","InsDel19b","Skin::CPCT02340081T","C_ID19","InsDel19b_476","H,S","ID19",0.934723603524427,"jinID23",0.862587672187798,"InD10",0.550464944722311,0.963050487422271,"Kidney::CPCT02180003T",0.99171174719966,"Skin::CPCT02340081T",0.978119192340663,"Other::CPCT02050192T",0.797738431994018,"Bone.SoftTissue::CPCT02080181TII"
"30","InsDel19c","Skin::CPCT02060041T","C_ID19","InsDel19c_476","H,S","ID19",0.934723603524427,"jinID23",0.862587672187798,"InD10",0.744076371059497,0.963050487422271,"Kidney::CPCT02180003T",0.841388768467176,"Other::CPCT02010697T",0.805215027866111,"Bone.SoftTissue::CPCT02340026T",0.797738431994018,"Bone.SoftTissue::CPCT02080181TII"
"31","InsDel23","Kidney::SP102957","C_ID23","","","ID23",0.988733344616106,"jinID5",0.728734139833822,"InD5",0.787390072120304,0.966191991081462,"Kidney::SP102957",0.960618679596976,"Kidney::SP102957",NA,NA,0.88685969559159,"Skin::SP124409"
"32","InsDel_A_alpha","Other::CPCT02330041T","ID_A","InsDel_A_alpha_476","H,S","ID9",0.852675372057394,"jinID3",0.904943855918706,"InD9a",0.919336320026093,0.909363213741027,"Breast::SP2293",0.857618041212665,"Breast::SP2293",0.725003777057357,"Lung::CPCT02010609T",0.916164924074037,"Breast::SP2293"
"33","InsDel_A_beta","Breast::SP2293","ID_A","InsDel_A_beta_476","H,S","ID9",0.852675372057394,"jinID3",0.904943855918706,"InD9a",0.965491583140524,0.909363213741027,"Breast::SP2293",0.928962481361076,"Breast::SP2293",0.944728428552219,"Breast::SP2293",0.916164924074037,"Breast::SP2293"
"34","InsDel_B","Liver::CPCT02020413T","ID_B","InsDel_B_476","H,S","ID5",0.775301890061746,"jinID18",0.686327526872365,"InD29",0.892325880597779,0.981409205127698,"Liver::SP50145",0.985553780843009,"Bone.SoftTissue::SP116578",0.960909445907157,"Liver::CPCT02020413T",0.955846149773534,"Kidney::SP102795"
"35","InsDel_C","Breast::CPCT02010772T","ID_C","","","ID23",0.787883368615443,"jinID18",0.56558230473009,"InD13",0.925576196874315,0.803793159285821,"Breast::CPCT02010772T",0.969795187946341,"Breast::CPCT02010772T",NA,NA,0.989141237028082,"Skin::SP124439"
"36","InsDel_D","Colon::CPCT02340014T","ID_D","InsDel_D_476","S","ID14",0.927074459637739,"jinID14",0.95340938295695,"InD12",0.949138309714641,0.989772746577813,"Colon::CPCT02340014T",0.975318022177494,"Colon::CPCT02040258T",0.992898287511297,"Colon::CPCT02050104T",0.985997843632141,"Colon::CPCT02050104T"
"37","InsDel_E","Uterus::DRUP01340014T","ID_E","InsDel_E_476","H ","ID16",0.744733593573247,"jinID25",0.82825441248977,"InD10",0.57478267728994,0.874208560882994,"Bone.SoftTissue::DRUP01340015T",0.960943721195381,"Uterus::DRUP01340014T",0.950365372463449,"Uterus::DRUP01340014T",0.797738431994018,"Bone.SoftTissue::CPCT02080181TII"
"38","InsDel_F","Skin::SP103894","ID_F","InsDel_F_476","H,S","ID4",0.928441806867565,"jinID4",0.986852391871934,"InD4a",0.712403539363777,0.962646710707664,"Skin::SP103894",0.986810513388783,"Skin::SP103894",0.991816243850662,"Other::CPCT02340010T",0.978429398753506,"CNS::SP48189"
"39","InsDel_G","Other::DRUP01030015T","ID_G","InsDel_G_476","H ","ID11",0.88020473693788,"jinID11b",0.936729598831414,"InD32",0.857078277218268,0.774052275795918,"Biliary::SP99317",0.928329826661787,"Other::DRUP01030015T",0.866109790898112,"Other::DRUP01030015T",0.917595270427025,"Lung::DRUP01270004T"
"40","InsDel_H","Bone.SoftTissue::CPCT02010648T","ID_H","InsDel_H_476","H","ID8",0.678544293115708,"jinID22",0.631018398372205,"InD6",0.757379256845976,0.769659825662181,"Breast::SP2714",0.850413851972058,"Bone.SoftTissue::CPCT02010648T",0.67599530061147,"Bone.SoftTissue::CPCT02010648T",0.973099321757497,"Ovary::SP62616"
"41","InsDel_I","CNS::SP107439","ID_I","","","ID23",0.561603738247129,"jinID25",0.928952639557499,"InD9b",0.665082715871105,0.959775759915374,"CNS::SP107439",0.995254467621926,"CNS::SP107439",NA,NA,0.911745858901143,"Bone.SoftTissue::SP121761"
"42","InsDel_J","Breast::DRUP01010037T","ID_J","InsDel_J_476","H,S","ID12",0.789015627345021,"jinID12",0.738823103119357,"InD7",0.831590077096052,0.896514474592634,"Prostate::SP112959",0.998585593823146,"Colon::DRUP01230004T",0.981033221205799,"Colon::CPCT02170035T",0.991802585916902,"Colon::SP21017"
"43","InsDel_K_alpha","Prostate::SP112817","ID_K","","","ID18",0.644066095919791,"jinID26",0.991819220357599,"InD20",0.660100328823997,0.587842143945264,"Bladder::CPCT02020717T",0.984695082908958,"Prostate::SP112817",NA,NA,0.952211666463103,"Colon::SP17905"
"44","InsDel_K_beta","Colon::SP17905","ID_K","InsDel_K_beta_476","H ","ID18",0.644066095919791,"jinID26",0.991819220357599,"InD20",0.894385543396946,0.587842143945264,"Bladder::CPCT02020717T",0.837689830645915,"Colon::SP17905",0.898470394808741,"Uterus::SP93227",0.952211666463103,"Colon::SP17905"
"45","InsDel_L","Pancreas::SP70106","ID_L","","","ID20",0.582177857741232,"jinID20",0.873733294725778,"InD30",0.969213303775498,0.596032536249842,"Pancreas::SP70106",0.66987386568394,"Pancreas::SP70106",NA,NA,0.671428811840966,"Pancreas::SP70106"
"46","InsDel_M","Prostate::SP112777","ID_M","","","ID9",0.671229038197409,"jinID25",0.70844045336847,"InD7",0.472397782784999,0.636390400629932,"Bone.SoftTissue::SP116419",0.99790446163642,"Prostate::SP112777",NA,NA,0.991802585916902,"Colon::SP21017"
"47","InsDel_N","Stomach::CPCT02030347T","ID_N","InsDel_N_476","H,S","ID12",0.581724094356316,"jinID12",0.530291968519896,"InD7",0.831590077096052,0.628075631805227,"Thymus::SP85495",0.998585593823146,"Colon::DRUP01230004T",0.996625929831161,"Colon::CPCT02120042T",0.991802585916902,"Colon::SP21017"
"48","InsDel_O","CNS::CPCT02100101T","ID_O","InsDel_O_476","H,S","ID20",0.684017022927988,"jinID21",0.593628320289162,"InD1",0.937662893137789,0.48420817501536,"Uterus::DRUP01070059T",0.957282138940814,"CNS::DRUP01050003T",0.964264784323166,"CNS::CPCT02100101T",0.956997499985148,"Biliary::DRUP01010095T"
"49",NA,NA,NA,"InsDel15_476",NA,NA,NA,NA,NA,NA,NA,NA,NA,NA,NA,0.994759255835994,"WES::TCGA.EW.A2FV.01A.11D.A17D.09",NA,NA
"50",NA,NA,NA,"InsDel16_476",NA,NA,NA,NA,NA,NA,NA,NA,NA,NA,NA,0.999999999999999,"WES::TCGA.13.0889.01A.01W.0420.08",NA,NA
"51",NA,NA,NA,NA,NA,NA,NA,NA,NA,"InD2a",NA,NA,NA,NA,NA,NA,NA,0.975590633083282,"Kidney::SP123975"
"52",NA,NA,NA,NA,NA,NA,NA,NA,NA,"InD11",NA,NA,NA,NA,NA,NA,NA,0.920518741719689,"Prostate::SP112907"
"53",NA,NA,NA,NA,NA,NA,NA,NA,NA,"InD16b",NA,NA,NA,NA,NA,NA,NA,0.973048627604202,"Colon::SP18946"
"54",NA,NA,NA,NA,NA,NA,NA,NA,NA,"InD19",NA,NA,NA,NA,NA,NA,NA,0.933071594771272,"Ovary::SP102133"
"55",NA,NA,NA,NA,NA,NA,NA,NA,NA,"InD23",NA,NA,NA,NA,NA,NA,NA,0.948451391125051,"Other::SP109957"
"56",NA,NA,NA,NA,NA,NA,NA,NA,NA,"InD24",NA,NA,NA,NA,NA,NA,NA,0.679857357227364,"Other::WIDE01010510T"
"57",NA,NA,NA,NA,NA,NA,NA,NA,NA,"InD26",NA,NA,NA,NA,NA,NA,NA,0.722471826564047,"Uterus::DRUP01070059T"
"58",NA,NA,NA,NA,NA,NA,NA,NA,NA,"InD27",NA,NA,NA,NA,NA,NA,NA,0.73139614849192,"Colon::CPCT02110011T"
"59",NA,NA,NA,NA,NA,NA,NA,NA,NA,"InD28",NA,NA,NA,NA,NA,NA,NA,0.770822554332952,"Breast::CPCT02140091T"
"60",NA,NA,NA,NA,NA,NA,NA,NA,NA,"InD28m",NA,NA,NA,NA,NA,NA,NA,0.795855033292072,"Other::CPCT02020559T"
"61",NA,NA,NA,NA,NA,NA,NA,NA,NA,"InD31",NA,NA,NA,NA,NA,NA,NA,0.747131143919626,"Bone.SoftTissue::CPCT02100091T"
"62",NA,NA,NA,NA,NA,NA,NA,NA,NA,"InD33",NA,NA,NA,NA,NA,NA,NA,0.748242370889089,"Other::DRUP01170001T"
