rowname	C_ID1	C_ID2	C_ID3	C_ID4	C_ID5	C_ID6	C_ID7	C_ID8	C_ID9	C_ID10	C_ID11	C_ID12	C_ID13	C_ID14	C_ID17	C_ID18	C_ID19	C_ID23	ID_A	ID_B	ID_C	ID_D	ID_E	ID_F	ID_G	ID_H	ID_I	ID_J	ID_K	ID_L	ID_M	ID_N	ID_O	C_ID16	C_ID15	ID_P
DEL:C:1:0	0.004769151	0.001859313	0.109573504	0.00497835	0.053749631	0.030421848	0.001220427	0.037402673	0.203624071	0.016712172	0.001662262	0.023695164	0.056426732	0.002037789	0.009847505	0.005482444	0.005842772	0.035767627	0.295799574	0.055293341	0.018529842	0.021927181	0.024195544	0.013262415	0.060555123	0.021056439	0.166012441	0.009051478	0.002164247	0.018663401	0.241017777	0.007999792	0.001093892	0	0.020019196	0.005943523
DEL:C:1:1	0.006290852	0.000368389	0.173882883	0.003521624	0.042524145	0.012676037	0.002186489	0.018588816	0.05565346	0.007994003	0.000428526	0.01919074	0.028422576	0.001397148	0.005934551	0.002536776	0.004571543	0.11922076	0.125588671	0.050150881	0.010205024	0.009597682	0.008184041	0.006022272	0.018101923	0.008137751	0.000244753	0.003266958	0.006234481	0.005310057	0.027474491	0.00205486	0.000633263	0	0.104483752	0.003192624
DEL:C:1:2	0.002361428	0.000310856	0.154698861	0.002681675	0.031662415	0.009662482	0.007464955	0.0064969	0.025331006	0.006422125	0.000219421	0.005290163	0.01044959	0.001400108	0.003245754	0.001191852	0.012026015	0.055549827	0.043179243	0.02967222	0.00723072	0.004892604	0.003331282	0.004286194	0.00932295	0.00532675	0.003245073	0.00301049	0.004913815	0.005513054	0.010525469	0.002076061	0.00026698	0	0.134649664	0.001758887
DEL:C:1:3	0.002358031	0.000865248	0.054534473	0.002106088	0.01616215	0.003283838	0.031715577	0.004318471	0.022825001	0.003954554	2.26E-06	0.001964381	0.007056774	0.000185497	0.001248454	0.000955139	0.006325208	0.038745083	0.013995137	0.01639759	0.004180476	0.003491853	0.003688814	0.002641504	0.007369508	0.010655885	0.000193569	0.006434206	0.010908679	0.002832199	0.002111281	0.005548324	0.000475502	0	0.127519539	0.002434015
DEL:C:1:4	0.00155448	0.004091984	0.038726138	0.003272751	0.005803331	0.00216856	0.092746954	0.002839009	0.013800595	0.003850429	2.80E-06	0.002965593	0.004530698	0.001152309	0.000455239	0.002885279	0.010740693	0.01328362	0.006269277	0.00573089	0.005918895	0.003157112	0.000874826	0.003559135	0.001904054	0.004200375	0.00013494	0.013911058	0.007858759	0.003510179	0.001584621	0.019368586	0.000842304	0	0.081447964	0.002414103
DEL:C:1:5+	0.006796531	0.015737637	0.020308069	0.007261192	0.001105608	0.00113216	0.185839734	0.002275646	0.006721408	0.001966608	0.000205978	0.010482383	0.001078647	0.007020273	1.13E-06	0.003653869	0.00609877	0.005973247	0.004979604	0.00138328	0.004483017	0.002857211	0.003396278	0.002652985	0.003526962	0.001724817	0.00020939	0.039574037	0.002572836	0.007660049	0.000500366	0.015379723	0.004152765	0	0.018099548	0.007993906
DEL:T:1:0	0.005872298	0.000622038	0.037710939	0.003203593	0.075532923	0.012631541	0.001497307	0.022517703	0.044658134	0.013654714	0.000921142	0.02348069	0.042833772	0.023600269	0.018033801	0.109232031	0.006238758	0.233231527	0.024490579	0.069056021	0.493065429	0.019733883	0.013867014	0.006595878	0.014415153	0.032072576	0.138055673	0.005459787	0.000836695	0.01128473	0.077540458	0.0043885	0.000899577	0	0.022487317	0.005380904
DEL:T:1:1	0.003978183	0.000183072	0.033240149	0.001577077	0.071172134	0.004622955	0.005503931	0.012788177	0.023174894	0.008274015	0.000436779	0.017912557	0.342669195	0.019500446	0.008286353	0.141242551	0.00944334	0.110175418	0.013251563	0.058645241	0.03930055	0.016811784	0.009209866	0.008782091	0.011317136	0.012874015	0.027014049	0.002891121	0.005337957	0.007813561	0.025335369	0.002907062	0.000399582	0	0.077197312	0.004778039
DEL:T:1:2	0.001904883	0.000462208	0.021670276	0.002618356	0.090303661	0.014412748	0.010240342	0.012076236	0.048569485	0.017569839	0.000433052	0.014023838	0.029106378	0.015214422	0.003245905	0.128592093	0.013485699	0.041620376	0.010329435	0.04529907	0.023077802	0.011770767	0.004380636	0.004391006	0.008009633	0.010781726	0.018775266	0.004693464	0.091501753	0.004424386	0.020439208	0.005421554	0.000503917	0	0.119840943	0.004816006
DEL:T:1:3	0.004029452	0.005233812	0.027068046	0.002070592	0.069866861	0.017897593	0.066557238	0.010340476	0.081987882	0.01299326	0.000661191	0.022135945	0.053976425	0.030915985	0.000520133	0.251099358	0.004494288	0.012630794	0.013336705	0.02756943	0.027157296	0.016821918	0.003978209	0.005134542	0.008159302	0.021813422	0.013581474	0.007483821	0.28154694	0.025719879	0.017856176	0.009185721	0.001025889	0	0.124914301	0.008911488
DEL:T:1:4	0.004011103	0.021389341	0.016812043	0.006724268	0.042441572	0.015136327	0.214338871	0.005421118	0.068160036	0.015689378	0.002472396	0.012146273	0.026984505	0.00943244	0.001298105	0.091132392	0.004077505	0.005916336	0.007012158	0.01751645	0.015689707	0.011777189	0.0021539	0.004477051	0.002943381	0.006579463	0.00548973	0.012751528	0.444022579	0.024457111	0.001330184	0.019075673	0.002264297	0	0.098176333	0.015235739
DEL:T:1:5+	0.026725965	0.84905415	0.016948797	0.064863857	0.023881863	0.0154408	0.015119056	0.016234118	0.089834312	0.026843353	0.009381727	0.003838748	0.021102665	0.029447795	0.006337724	0.019132284	0.016712453	0.007010561	0.026866334	0.01125662	0.012231318	0.04257157	0.009820089	0.012822589	0.018244332	0.01973197	0.021499192	0.016409593	0.038604503	0.015358748	0.033528375	0.014832981	0.015994962	0	0.068970245	0.361088193
INS:C:1:0	0.002973729	0.000226847	0.008015159	0.000436226	0.001707792	0.003680729	0.003257753	0.003945123	0.003001657	0.00960631	0.000472184	0.001167981	0.017270638	0.325282724	0.006789491	0.002998199	0.014828167	0.00284509	0.012586885	0.00059233	0.009945354	0.498344439	0.224532402	0.004134633	0.003531188	0.01146793	0.143042868	0.001844418	0.000761044	0.008180905	0.011374622	0.001721566	0.001860941	0.152073733	0	0.009027078
INS:C:1:1	0.001807296	4.41E-05	0.004105229	0.000547828	0.006679105	0.001759431	0.000610009	0.002339406	0.007355637	0.006762071	0.227661205	0.002371209	0.004960928	0.01079153	0.008607654	0.001709089	0.00638244	0.00175468	0.001816823	0.00445752	0.003564066	0.018159119	0.067667544	0.002200291	0.021448558	0.003301912	0.003429336	0.000783134	0.000565064	0.005593602	0.0059402	0.000363148	0.003226253	0.134562212	0	0.001333718
INS:C:1:2	0.000739626	4.11E-05	0.003656791	0.000425032	0.007137066	0.000347329	0.000589147	0.001774419	0.002890542	0.004629059	0.11596415	0.003031155	0.002603608	0.002092057	0.010172126	0.000869615	0.008905391	0.002362147	0.001069947	0.00340589	0.0030364	0.003396395	0.012123732	0.000761228	0.012542912	0.002176785	0.000533245	0.000547584	0.001213707	0.005041322	0.006154422	0.000371802	0.001720718	0.151152074	0	0.000595327
INS:C:1:3	0.001137769	8.09E-05	0.006798112	0.000346803	0.002393052	0.000140484	0.002625193	0.000725491	0.00141457	0.004036534	0.041829743	0.001371662	0.001235297	0.001060829	0.022276129	0.000500498	0.00687579	0.006003768	0.00101178	0.00149965	0.0075378	0.001893863	0.017749796	0.000923114	0.007508212	0.001790154	0.000348983	0.000852194	0.001580338	0.006209094	0.000125285	0.000860422	0.0031029	0.069124424	0	0.001231647
INS:C:1:4	0.001121377	0.000922265	0.006113563	0.000155316	0.000566477	0.000154515	0.016815798	0.000700519	0.003622155	0.00376756	0.014676648	0.001218685	0.000615	0.00128833	0.007052689	0.000422078	0.001423848	0.000132579	0.001235065	0.00083023	0.003862079	0.001711948	0.012792024	0.000437227	0.003552619	0.001297162	0.000321995	0.002063218	0.00115717	0.065097236	0.000101311	0.001409183	0.197477455	0.043317972	0	0.001930655
INS:C:1:5+	0.024173666	0.006086614	0.006670921	0.000650166	0.001170867	0.00012735	0.042844274	0.000446338	0.015720816	0.013385781	0.004260507	0.001921273	0.00414871	0.004038648	0.002023786	0.00171797	0.017558048	0.00209487	0.002477232	0.00016034	0.009562351	0.002248947	0.038542333	0.002472038	0.004689785	0.002564184	0.000460657	0.005612459	0.003338247	0.429517215	0.000138432	0.005718794	0.189226092	0.01843318	0	0.017669181
INS:T:1:0	0.007141228	0.000496984	0.01955693	0.000701809	0.007907249	0.004275272	0.001080596	0.0061093	0.004364613	0.003843321	0.000476843	0.003069133	0.032639526	0.024611059	0.007995236	0.004271539	0.017537338	0.01109676	0.007958112	0.00204778	0.0151697	0.032677111	0.103648407	0.005498827	0.050019028	0.003627703	0.21371418	0.003999511	0.005396006	0.004340225	0.004822691	0.00272318	0.001331865	0.046082949	0	0.003794919
INS:T:1:1	0.007077289	0.000139853	0.039238833	0.00089357	0.030217997	0.002952364	0.001924991	0.005187129	0.011174321	0.017978535	0.234031467	0.016582604	0.014745582	0.008739927	0.037237202	0.003049815	0.011223301	0.01910288	0.017384615	0.00986111	0.022599133	0.015099871	0.028677462	0.008043059	0.261233138	0.008752551	0.038974382	0.001408839	0.001995141	0.014108982	0.030455031	0.00103767	0.002255565	0.130875576	0	0.002954067
INS:T:1:2	0.005729482	0.000729879	0.048322282	0.000526261	0.037011399	0.001160632	0.013720391	0.001898018	0.005275221	0.012153932	0.142580906	0.012801289	0.010898893	0.00731191	0.031433571	0.002051941	0.003045432	0.00753918	0.013022436	0.0055026	0.009432037	0.007189799	0.019124069	0.00210681	0.177992581	0.003559245	0.016318429	0.004163005	0.001520744	0.007761909	0.010425705	0.002505406	0.001779471	0.104147465	0	0.003648189
INS:T:1:3	0.006496262	0.000576798	0.027335199	0.001840054	0.022738738	0.001929271	0.007831407	0.002134024	0.007295151	0.016348528	0.092657344	0.014518881	0.01269446	0.002511822	0.006193297	0.003329263	0.003161702	0.005360905	0.007663267	0.0047322	0.01026505	0.005089569	0.003468994	0.002952797	0.077927894	0.001661736	0.006693952	0.002406931	0.005081981	0.005929883	9.51E-05	0.00246315	0.000697492	0.086635945	0	0.003367932
INS:T:1:4	0.012430799	0.000472913	0.007959499	0.000494914	0.011858245	0.002063714	0.015490541	0.000477895	0.009559913	0.013869086	0.046987767	0.003729878	0.01195984	0.008323122	0.002371345	0.005170057	0.001665926	0.003250774	0.005872072	0.00406725	0.003423363	0.0026549	0.001625583	0.002203498	0.033324442	0.002190327	0.000140524	0.002359099	0.035368075	0.028710286	0.002089627	0.004356482	0.073541471	0.044239631	0	0.007032556
INS:T:1:5+	0.759502144	0.052532146	0.02273816	0.007155992	0.003741657	0.008378592	0.030731015	0.007038314	0.028649179	0.245503221	0.04742388	0.03089474	0.013924014	0.255073365	0.016028578	0.018478767	0.020935445	0.002168101	0.075241839	0.00689018	0.012621577	0.045493717	0.020307692	0.01746282	0.054842627	0.02009027	0.032155726	0.017618177	0.010169101	0.011773439	0.00245156	0.005481118	0.013824715	0.019354839	0	0.430909218
DEL:repeats:2:0	0.002223619	0.000496789	0.006458495	0.025430087	0.023581928	0.006824808	0.00197187	0.006687107	0.00714235	0.005748661	2.60E-06	0.002272067	0.014728412	0.000922552	0.028509947	0.006790392	0.014230235	0.028151931	0.064533662	0.03063454	0.006539134	0.006032121	0.007215574	0.083198607	0.00798632	0.008954774	0.03022562	0.00807529	0.000712536	0.004159262	0.013772047	0.003589804	0.000740336	0	0	0.001180274
DEL:repeats:2:1	0.004335353	0.00111354	0.011937695	0.162325984	0.020882177	0.004283202	0.012198482	0.009794248	0.010565019	0.017161157	0.001504268	0.006867304	0.00711038	0.005620588	0.009793855	0.016092211	0.005910144	0.062630863	0.01506014	0.02294016	0.009200283	0.005509869	0.009618402	0.220936216	0.005586698	0.010526539	0.006473395	0.004342938	0.001296479	0.002948868	0.012734967	0.002656262	0.000188469	0	0	0.004494486
DEL:repeats:2:2	0.002126197	0.000789044	0.01189502	0.041999871	0.00464666	0.001279034	0.008696937	0.002558277	0.006961242	0.004967422	0.000242581	0.004483436	0.002683925	0.00238764	0.002820321	0.002405825	0.010069889	0.031404612	0.003344371	0.00412887	0.007499182	0.001771616	0.00269455	0.057502525	0.003187488	0.002614332	0.003546594	0.003399854	0.001359062	0.001619999	0.002461614	0.003889495	0.000275933	0	0	0.001934897
DEL:repeats:2:3	0.000607065	0.001531958	0.007520599	0.011582299	0.000878558	0.000541998	0.077116979	0.000227652	0.001200226	0.002206691	3.33E-06	0.0009655	0.000504882	0.002234704	0.001094293	0.001257462	0.007413138	0.006928322	0.001214096	0.00167261	0.002039246	0.000779255	0.003512172	0.020688881	0.000709763	0.001478465	0.000469963	0.021279047	0.002088597	0.001497551	9.82E-05	0.054300921	0.003913163	0	0	0.000892125
DEL:repeats:2:4	0.000637019	0.004570693	0.003444844	0.0024462	0.00013381	0.000681723	0.012630639	0.000161858	0.001447102	0.000235821	1.26E-06	0.002718538	6.72E-05	4.06E-05	0.000527452	0.000210555	0.006556114	0.001311056	0.000839839	0.00036929	0.003145017	0.000981275	0.002604737	0.007822412	0.000629403	0.000752293	9.77E-05	0.179265143	0.001178636	0.006182003	0.013125515	0.263502651	0.020407085	0	0	0.000704736
DEL:repeats:2:5+	0.000589723	0.010783005	0.002831854	0.002394557	9.22E-05	0.000120407	0.010524901	0.000362858	0.002472698	0.00026045	1.33E-06	0.247565612	8.34E-05	0.001408706	0.000497721	0.00153142	0.017708347	0.00015706	0.00161135	0.00203638	0.003332752	0.002384443	0.002307418	0.005825679	0.000366781	0.000899359	0.000137732	0.403614727	0.000990886	0.005125843	0.043899945	0.247915971	0.027070777	0	0	0.001230899
DEL:repeats:3:0	0.000678901	0.000219231	0.000775409	0.005882696	0.013128432	0.005006695	0.000465977	0.00606999	0.002462418	0.004928535	0.000248171	0.004563922	0.003748583	0.000358308	0.019369937	0.003738801	0.009896129	0.003550692	0.006256953	0.02020802	0.004013514	0.002376125	0.001917406	0.002840831	0.001441488	0.005981037	0.003788556	0.003298236	0.000277476	0.004470258	0.008870473	0.003668693	0.000456855	0	0	0.000332234
DEL:repeats:3:1	0.005198788	0.000365874	0.000527877	0.148973062	0.007176553	0.004089495	0.014141713	0.003672616	0.012550867	0.013103104	0.000462734	0.005844438	0.001872867	0.000667282	0.00988199	0.002892599	0.006876821	0.001630898	0.006134437	0.00819833	0.017171041	0.003946453	0.003409927	0.017118775	0.004211248	0.00546093	0.00631519	0.002584439	0.00189648	0.002996547	0.008342266	0.002456516	0.000142148	0	0	0.004351071
DEL:repeats:3:2	0.001110618	0.000295385	0.000173478	0.041763399	0.000986761	0.000461355	0.006567517	0.000648821	0.002744501	0.002829189	0.000249236	0.004216393	0.000184169	0.000635003	0.000230826	0.002241558	0.002862907	0.001310844	0.002117717	0.00156577	0.002833341	0.001775069	0.00177386	0.002654704	0.000980731	0.000897934	0.00815968	0.007406512	0.000694564	0.001392802	0.002962753	0.018872178	0.000723687	0	0.000137118	0.000729838
DEL:repeats:3:3	0.000253594	0.000107438	2.20E-05	0.010427215	0.00016506	0.000190826	0.004317549	0.000124633	0.001218816	0.000811297	0.000261349	0.002583951	4.19E-05	0.000486014	0.000245088	0.000197314	0.002469241	0.000794306	0.000581173	0.00025535	0.001112125	0.000662252	0.000690052	0.000580065	0.000296946	0.000483325	0.000157275	0.056096589	0.000238677	0.001523919	0.002934139	0.133766813	0.004300462	0	0	0.000212646
DEL:repeats:3:4	0.000110636	3.70E-05	3.04E-05	0.002862274	0.00012126	4.86E-05	0.002903465	7.21E-05	0.000797592	0.000339446	1.60E-06	0.055275168	0.00010688	0.000426671	0.000566237	0.000702495	0.000477538	2.06E-05	0.000377551	0.000167	0.000876349	0.0003264	0.000562518	0.000586072	0.000587216	0.000562716	0.000114466	0.000786519	0.000250669	0.001081083	0.006236398	0.000843548	5.11E-06	0	0	0.000139183
DEL:repeats:3:5+	0.000400621	5.30E-05	1.45E-05	0.002736728	3.55E-05	4.46E-05	0.002449105	5.43E-05	0.000645284	0.000215593	2.46E-06	0.156032184	0.000199407	5.45E-05	0.000278289	0.000228693	0.000487506	2.52E-05	0.000384908	6.838E-05	0.000622917	0.00032426	0.000361287	0.000110152	0.000263964	0.000353466	0.004443712	0.002051298	0.000221376	0.00356761	0.000138432	0.002302632	0.00022088	0	0	8.65E-05
DEL:repeats:4:0	0.001077423	8.50E-05	0.000509102	0.00574573	0.008997054	0.00540478	0.000301295	0.005771695	0.001369856	0.00324391	2.53E-06	0.001161785	0.003282253	0.002412589	0.020396318	0.010332955	0.009717557	0.003988064	0.001938225	0.01640457	0.001914789	0.002094825	0.003924218	0.003815204	0.000943722	0.005037421	0.000134009	0.001096515	0.00026162	0.00308757	0.005824969	0.001412789	0.000216588	0	0	0.000275752
DEL:repeats:4:1	0.001899131	0.000508168	0.000193007	0.07084799	0.004623223	0.004566024	0.004662133	0.00199902	0.003672925	0.004834212	0.000229271	0.006171046	7.77E-05	0.002753419	0.003576109	0.008223048	0.008279358	0.001705824	0.004904967	0.0031029	0.006262455	0.003044676	0.003537115	0.020561314	0.002136646	0.0007598	0.000337815	0.002498629	0.001060759	0.003148975	0.0026217	0.001634745	0.000155467	0	0	0.000958992
DEL:repeats:4:2	0.000578854	0.000119945	4.27E-05	0.018601117	0.000605736	0.000871656	0.003141454	0.000346043	0.003053835	0.000737841	4.66E-06	0.002339028	3.80E-05	0.000347314	0.000477197	0.000974677	0.004546708	5.51E-05	0.001744255	3.98E-06	0.003368404	0.00143144	0.001767968	0.005575423	0.000577719	0.00048246	0.003744816	0.008869675	0.000257757	0.001785069	0.000103631	0.041623611	0.000440946	0	0	0.000262256
DEL:repeats:4:3	0.000722329	0.00021277	4.03E-05	0.00696608	0.000379546	0.000102435	0.001437344	0.0001372	0.000758371	0.000919517	9.32E-07	0.028994588	4.49E-05	2.62E-05	0.000263575	0.001302243	0.003073447	5.69E-05	0.000490261	8.589E-05	0.002292038	0.000822734	0.000932093	0.002653253	0.000202648	0.000698561	0.000108883	0.002791338	0.000332165	0.004191409	0.002972034	0.003527645	0.000210446	0	0	0.000369093
DEL:repeats:4:4	0.000187766	6.20E-05	2.19E-05	0.00321461	0.000133806	5.92E-05	0.000807679	9.27E-05	0.000500652	0.000243249	2.73E-06	0.035090145	3.21E-05	0.000425685	0.000550089	0.000516107	0.000553848	7.43E-05	0.000360284	0.00030824	0.000571266	0.000250393	0.000364159	0.001027227	0.00013151	0.000566845	0.000358289	0.002962296	0.000156038	0.001478046	8.43E-05	0.003952375	0.000224358	0	0	6.32E-05
DEL:repeats:4:5+	0.00018489	9.52E-05	8.52E-06	0.001403442	3.72E-05	5.70E-05	0.000882142	0.000103261	0.001115869	0.000263602	4.66E-07	0.012510326	4.18E-05	3.26E-05	3.02E-07	0.000768321	0.000989707	3.62E-05	0.000381192	0.00014428	0.001294688	0.000335599	0.000339455	0.000402784	0.00042236	0.000251042	0.000260574	0.00514126	0.000208141	0.002309898	0.000112138	0.005306466	0.000210816	0	0	0.000183017
DEL:repeats:5+:0	0.002473354	9.10E-05	0.004888272	0.002618549	0.052931524	0.068645178	0.000389277	0.208309146	0.02017556	0.044177718	0.001199395	0.015459663	0.047151372	0.013333234	0.050470436	0.01422176	0.065252374	0.015171409	0.006147978	0.123167271	0.006068865	0.007992648	0.003769409	0.021014125	0.004060435	0.148369579	0.000212181	0.001117881	0.000520016	0.018408391	0.004575215	0.001243185	0.000156355	0	0.000274236	0.002470655
DEL:repeats:5+:1	0.002639013	0.000161091	0.000193786	0.009445058	0.001265003	0.007192334	0.004967616	0.002166362	0.002622331	0.006753214	0.000503464	0.001506449	0.001843724	0.003081281	0.00257312	0.001424313	0.021451052	0.000541548	0.002181218	0.00099667	0.003991427	0.002757193	0.00368843	0.008453629	0.003325235	0.047176149	0.000204736	0.001466483	0.000264375	0.001717885	0.000134565	0.005739417	0.000197497	0	0	0.001629499
DEL:repeats:5+:2	0.000476828	9.45E-05	5.34E-05	0.001489841	3.52E-05	0.000207294	0.002495065	0.000310885	0.001117841	0.000848129	9.32E-07	0.004644142	8.35E-05	0.000933264	1.36E-06	0.00073678	0.003092181	0.000508695	0.000762438	0.00014735	0.000807493	0.000990656	0.000876788	0.001562449	0.00036562	0.004652679	8.93E-05	0.001412247	0.000144382	0.000359037	0.000146166	0.001099973	0.000235309	0	0	0.000264483
DEL:repeats:5+:3	0.000119415	5.52E-05	1.84E-05	0.001031934	3.70E-05	0.000106363	0.000639046	7.88E-05	0.00254417	0.000281928	1.13E-06	0.000811191	2.49E-05	0.000566499	1.81E-06	0.00023865	0.001358452	2.12E-05	0.000291718	0.00039543	0.000419479	0.000443688	9.09E-05	0.000423704	0.00010488	0.000694783	0.000766831	0.001938965	8.57E-05	0.000700374	4.56E-05	0.002496897	7.84E-06	0	0	0.000187337
DEL:repeats:5+:4	6.67E-05	6.83E-05	2.01E-05	0.000284593	1.49E-05	4.42E-05	0.000283242	6.30E-05	0.000428687	8.31E-05	1.46E-05	0.000198417	1.56E-05	8.46E-07	8.30E-07	0.000227778	0.000485272	1.46E-05	0.00021091	7.186E-05	0.000922925	0.000122838	0.00033293	0.000237804	0.000166679	0.000628869	7.17E-05	0.001240962	6.55E-05	0.00064222	4.95E-05	0.002060052	2.29E-06	0	0	4.12E-05
DEL:repeats:5+:5+	8.84E-05	3.45E-05	1.88E-05	0.000248277	8.06E-06	2.71E-05	3.75E-05	7.57E-05	0.000521706	0.00017815	3.99E-07	0.000867824	1.57E-05	1.13E-06	5.28E-07	0.000267715	6.90E-05	1.53E-05	0.000124624	9.79E-06	0.000289841	0.000175793	0.000240774	0.000167066	0.000279301	0.000869635	0.000116328	0.000740257	2.47E-05	0.000620548	0.000195661	0.000517897	1.55E-06	0	0	3.03E-05
INS:repeats:2:0	0.003906818	0.001075152	0.006164233	0.000308557	0.005649118	0.002272025	0.000572497	0.00155748	0.005190723	0.00488483	0.000235061	0.005633495	0.008846365	0.017475484	0.018203053	0.002788236	0.042439862	0.001747156	0.010984445	0.00233124	0.014232468	0.02397829	0.126813544	0.005197345	0.006649234	0.005214754	0.027761337	0.011635066	0.001152165	0.002953202	0.011086157	0.00343217	0.006314502	0	0	0.002453354
INS:repeats:2:1	0.001387179	8.89E-05	0.003108943	0.000608671	0.017057069	0.000337826	0.000601311	0.001593717	0.004876108	0.01975322	1.26E-06	0.006293241	0.003770398	0.002122644	0.057277584	0.004522192	0.009825663	0.002439299	0.006859703	0.00620371	0.003668264	0.002580188	0.008235882	0.003458437	0.006635241	0.005609853	0.000228933	0.000921371	0.000393472	0.003234941	0.000126058	0.00037483	0.002319276	0	0	0.001636968
INS:repeats:2:2	0.001164165	0.000190545	0.001206157	0.000357097	0.006601816	0.000559922	0.000811556	0.000733245	0.002228569	0.008579989	0.000250434	0.002087175	0.002000109	0.001309474	0.036779624	0.003777069	0.005928362	0.000821119	0.002356168	0.00225867	0.001310162	0.001090328	0.001107297	0.000605382	0.001035977	0.003697186	0.000154483	0.001605753	0.000628991	0.002802942	0.000263717	0.000720239	0.002840878	0	0	0.00131514
INS:repeats:2:3	0.000554511	0.000406611	0.000892305	0.000468811	0.001153352	0.000210808	0.003765801	0.000245726	0.000954618	0.003148532	0.000256357	0.000345131	0.000948252	0.000663758	0.009548918	0.000808096	0.001657934	0.000361068	0.001756845	0.0004424	0.002018181	0.001827479	0.001670387	0.000924431	0.000692805	0.001003031	0.0001945	0.002946221	0.002682853	0.005032292	0.000193341	0.001505667	0.02108149	0	0	0.000805352
INS:repeats:2:4	0.0032025	0.000726421	0.000324017	0.00032485	0.000145256	0.000243799	0.010861446	0.000118295	0.001256277	0.003855746	0.000496742	0.000690861	0.000335696	0.000413844	0.001711012	0.001558655	0.001809952	0.000957619	0.001052329	8.6E-07	0.003536236	0.002033106	0.001738797	0.000530951	0.000737753	0.001343836	0.000492298	0.008156127	0.004604762	0.016389985	0.000178647	0.002242347	0.062336236	0	0	0.003110363
INS:repeats:2:5+	0.024640101	0.006181972	6.69E-05	0.000833483	1.41E-05	0.00054117	0.004045552	0.00102905	0.005239732	0.006799181	0.000599498	0.022102632	0.004047814	0.003904741	0.003216627	0.004475474	0.016435915	0.000182494	0.005138669	0.00014623	0.008194077	0.004560547	0.002941516	0.00239612	0.002841266	0.003549081	0.002245587	0.016281422	0.001516344	0.032165923	0.001819723	0.012352237	0.200939535	0	0	0.02224613
INS:repeats:3:0	0.001636031	0.000132396	0.000464596	0.000414031	0.003404445	0.001659497	3.43E-05	0.000219669	0.00074795	0.002638433	1.46E-06	0.002953201	0.000264332	0.008329324	0.013447082	0.001065853	0.018514155	0.000798121	0.003404859	0.00136344	0.004622699	0.009344112	0.029978848	0.001281926	0.001874534	0.000980398	0.000162859	0.002105937	0.000240255	0.002108347	0.236014892	0.000479535	0.002447734	0	0	0.000823455
INS:repeats:3:1	0.000782976	2.13E-05	0.000450261	0.000451747	0.005469849	0.000468306	0.000142553	0.001486192	0.007210723	0.023486669	0.00024877	0.004826168	0.004420304	0.002250773	0.083328278	0.002960254	0.002435125	0.001596455	0.002575455	0.00343646	0.001827222	0.003123852	0.00377636	0.000494747	0.001448361	0.003959273	0.000871991	0.000410401	0.000221309	0.002939477	0.000133792	7.50E-06	0.000499403	0	0	0.001846345
INS:repeats:3:2	0.000127284	3.82E-05	0.000114324	0.000279479	0.001197014	0.000527255	0.000172336	0.000140375	0.000503328	0.00468262	0.000262413	0.000504371	0.000623063	0.00057552	0.013829805	0.000681935	0.002639735	0.000305747	0.000612058	0.00073871	0.000844024	0.001350424	0.001067698	0.000255466	0.000455447	0.000349688	8.19E-05	0.000384161	0.000194502	0.001100588	0.000123738	2.45E-05	0.005270632	0	0	0.000258754
INS:repeats:3:3	0.000125825	3.06E-05	2.44E-05	9.87E-05	2.92E-05	0.000188015	0.000290883	6.64E-05	5.37E-05	0.000625372	1.40E-06	5.45E-05	9.41E-05	1.27E-06	0.000847545	0.000115019	0.000146776	4.93E-05	0.000287536	2E-08	0.0003564	0.00070304	0.000128144	0.000211718	0.00019727	0.000388007	0.000120981	0.000795039	0.000153922	0.000768281	6.19E-05	0.000494534	0.011123987	0	0	6.21E-05
INS:repeats:3:4	5.14E-05	1.89E-05	1.45E-05	0.000185183	9.24E-06	0.000132899	0.000836692	0.00015542	0.000205119	0.000688444	2.00E-07	0.000281768	2.24E-05	0.000704353	7.55E-07	0.000761593	8.63E-05	0.000103435	0.000304574	3.14E-06	0.001390329	0.000555492	0.000103542	5.52E-05	0.000173294	0.000193435	0.0001945	0.000718613	8.90E-05	0.003546299	4.49E-05	0.000376561	0.003928037	0	0	5.62E-05
INS:repeats:3:5+	0.001118108	0.000160191	1.11E-05	0.000132655	2.23E-05	0.000162747	0.005563013	0.00019446	0.001690527	0.001698369	0.000258886	0.000607643	0.000418517	0.003181218	0.000551221	0.000760086	0.001244331	2.10E-05	0.000736085	9.4E-06	0.001830386	0.002431713	0.000433016	0.000588716	0.000285259	0.001135147	0.000124703	0.001524237	0.000568726	0.019955427	0.002875363	0.001163719	0.008834605	0	0	0.001735206
INS:repeats:4:0	0.002580181	0.000594208	0.00190416	0.000413581	0.001769637	0.000620467	7.47E-05	0.000848197	0.001432948	0.001452593	0.000259884	0.002519189	0.003755286	0.010125939	0.010037811	0.002003123	0.034023439	0.000786994	0.009503708	0	0.006066687	0.016555524	0.020611598	0.002600893	0.004898366	0.002159739	0.000136801	0.00804412	0.000454409	0.001127317	0.002433773	0.001606189	0.006607751	0	0	0.001218188
INS:repeats:4:1	0.001714053	3.66E-05	0.000409224	0.001018312	0.003277941	0.000397611	0.000315708	0.001762137	0.001881493	0.024971027	0.000247639	0.004818373	0.004988142	0.0012101	0.138115595	0.001234587	0.003732736	0.001260398	0.002088852	0.00100279	0.001297422	0.002664697	0.002292469	0.001802834	0.002223385	0.001818069	0.00320971	0.000566426	0.000228666	0.002970901	0.0029759	0.000435115	0.00109737	0	0	0.002028435
INS:repeats:4:2	0.000304795	4.49E-05	5.31E-05	0.000176546	0.00031419	0.000163984	0.000120511	0.000111025	0.000544239	0.001790887	1.66E-06	0.000524359	0.000154521	4.52E-05	0.005408458	0.00029285	0.002087177	0.000298223	0.000286695	9.458E-05	0.000978793	0.000760371	0.000419518	0.000240989	0.000374504	0.000572159	0.000197292	0.001030202	6.36E-05	7.59E-05	0.000143072	0.000493813	0.007672192	0	0	0.0001438
INS:repeats:4:3	0.000274028	4.44E-05	3.16E-05	0.000170563	6.41E-06	0.000344074	0.000740186	6.77E-05	0.000283632	0.000853363	1.06E-06	8.95E-05	3.41E-05	0.002537334	7.55E-07	0.00049334	0.000454336	1.14E-05	0.000362695	9.5E-07	0.00096715	0.000527383	0.000678103	0.000386899	0.000265337	0.000379092	8.00E-05	0.00126483	0.000221914	0.00120931	6.81E-05	0.000745334	0.018201912	0	0	0.000262343
INS:repeats:4:4	0.000418545	4.52E-05	2.20E-05	0.000227594	1.03E-05	7.43E-05	0.000477731	0.000241428	0.001781081	0.000361923	3.33E-07	0.000502439	0.000152843	0.000905355	9.81E-07	0.000611804	0.000354308	1.95E-05	0.000388242	0.00011835	0.001208168	0.001080416	0.000114857	0.00024883	0.000362968	0.000419652	0.000143316	0.001390805	0.000187716	0.000999451	6.88E-05	0.000871816	0.011682439	0	0	0.000382208
INS:repeats:4:5+	0.000986489	5.30E-05	2.53E-05	0.000201009	0.000125291	8.60E-05	0.000955649	0.0002828	0.001892055	0.001830121	4.66E-07	0.003940155	6.57E-05	0.000741706	1.36E-06	0.001346754	0.000307302	0.000174864	0.000842623	0.00016465	0.001595468	0.001309161	0.000759844	0.000212102	0.000496644	0.000721626	0.0001945	0.002767822	0.000411108	0.006792799	0.000100537	0.001733392	0.007375466	0	0	0.002014524
INS:repeats:5+:0	0.001153337	0.002512146	0.000598672	0.000261144	0.002655912	0.003442256	8.16E-05	0.001543502	0.002769076	0.002713056	0.000758756	0.001724855	0.002442556	0.045266351	0.007248276	0.01508201	0.296016713	0.002827391	0.019240493	4.416E-05	0.016232885	0.008662869	0.05495504	0.006785572	0.011644089	0.004910236	0.008289036	0.014232774	0.000836762	0.005984064	0.000102084	0.006679305	0.016154573	0	0	0.002425188
INS:repeats:5+:1	0.003466175	0.000128585	0.001529307	0.001833589	0.009408263	0.010886564	0.000310415	0.012116878	0.019433737	0.155639603	0.001245715	0.006748574	0.021770245	0.030375844	0.004278624	0.002205981	0.014278444	0.001554805	0.006851937	0.00454957	0.009145273	0.012812828	0.004488344	0.002821171	0.004428746	0.019558494	0.000349913	0.001196816	0.000350977	0.002982099	0.018246724	0.000405117	0.004208706	0	0	0.007844113
INS:repeats:5+:2	0.000486297	6.37E-05	3.07E-05	7.96E-05	0.000160533	0.001162443	1.49E-05	0.000175555	0.000888287	0.003189321	0.000259685	0.003133695	0.000133687	0.002088392	0.000562615	0.000554967	0.001214168	0.000300872	0.000358352	0.00020083	0.002848905	0.000922518	0.000487374	0.00040737	0.000808512	0.001672829	8.84E-05	0.000639291	7.14E-05	0.001028708	0.000100537	0.000513571	0.009478746	0	0	0.000349295
INS:repeats:5+:3	0.000148627	4.47E-05	2.43E-05	0.000105651	3.38E-05	5.32E-05	1.29E-05	0.000165195	0.000680633	0.000197948	7.32E-07	0.001689342	7.01E-05	0.000470649	1.74E-06	0.000448775	0.002988544	1.60E-05	0.000235107	0.00011823	0.000520123	0.001220027	0.00027497	0.000425739	0.000390703	0.001219068	0.000203806	0.000930206	4.63E-05	0.001493578	6.34E-05	0.000531454	0.004891251	0	0	0.000221585
INS:repeats:5+:4	0.000405911	1.51E-05	2.02E-05	8.89E-05	1.64E-05	4.53E-05	2.18E-05	8.17E-05	0.000491005	0.00061296	8.65E-07	0.000525425	1.99E-05	1.69E-06	0.000283345	5.87E-05	0.000342621	3.37E-05	0.000344369	3.085E-05	0.000608062	0.000368712	0.000252061	9.19E-05	0.000284199	0.000926489	0.000114466	0.000996281	5.70E-05	0.001415919	9.44E-05	0.000527849	0.001808773	0	0	0.000211156
INS:repeats:5+:5+	0.000116685	2.12E-05	1.08E-05	0.000181001	2.20E-05	7.92E-05	2.78E-05	0.000126734	0.002405804	0.000345499	9.32E-07	0.001521174	7.63E-05	0.000480093	6.04E-07	0.000199413	0.000129245	1.79E-05	0.00019922	3.049E-05	0.00023186	0.000360381	0.000178748	0.000148708	0.000236328	0.000380837	0.000186124	0.000645786	9.74E-05	0.001763036	7.66E-05	0.000517321	0.000796278	0	0	0.000250634
DEL:MH:2:1	0.002496297	0.000940348	0.008983499	0.108186191	0.023905926	0.002678666	0.00687495	0.00840557	0.008699651	0.011129513	0.000207575	0.011696937	0.007679006	0.002193545	0.016590892	0.018652669	0.022153051	0.04667617	0.034255825	0.0272061	0.012382298	0.005856498	0.010346257	0.257351509	0.007450206	0.014071234	0.010325233	0.007118932	0.001096905	0.003345831	0.013358297	0.003661482	0.000630377	0	0	0.003349101
DEL:MH:3:1	0.000774586	9.46E-05	0.000673167	0.006180236	0.010372151	0.004161592	0.000469829	0.004805838	0.002789848	0.005476813	0.000250634	0.00510234	0.002508294	0.001584336	0.014864562	0.003800374	0.007042761	0.002838201	0.004339229	0.01788068	0.002946586	0.001467531	0.001386046	0.002864909	0.001210386	0.006829048	0.000253129	0.001115777	0.000203303	0.003636239	0.002808854	0.000799849	0.00022643	0	0	0.000467129
DEL:MH:3:2	0.001599206	0.000119483	0.000425311	0.070602157	0.007654744	0.005730089	0.006512884	0.003675813	0.001994157	0.009665286	0.000230202	0.007677229	0.001483225	0.00132216	0.006819901	0.006192529	0.001791047	0.001878887	0.004611808	0.01091241	0.004544441	0.002882006	0.003600522	0.013273681	0.001213581	0.00531617	0.007184389	0.002728332	0.00079467	0.002356133	0.002696716	0.001886843	0.000337277	0	0	0.001471012
DEL:MH:4:1	0.001100107	0.000540217	0.00033447	0.011513382	0.007134629	0.005131884	0.000488827	0.005242113	0.001884028	0.001904744	2.13E-06	0.004649272	0.001553848	0.001964352	0.024147037	0.004650075	0.005591413	0.004207121	0.002574455	0.01379306	0.002723222	0.001953888	0.003607587	0.004240072	0.001018467	0.002654027	0.000202875	0.003225871	0.000437512	0.002154942	0.005616161	0.001774062	0.000195795	0	0	0.00039201
DEL:MH:4:2	0.001006159	5.97E-05	0.000198441	0.028876859	0.005657737	0.009622165	0.001681024	0.003519528	0.010636842	0.002846363	2.26E-06	0.006980438	0.000606738	0.0003483	0.015446796	0.00447951	0.001854896	0.002081623	0.002478128	0.00810491	0.002497544	0.001333912	0.0014039	0.010488549	0.000807411	0.004029364	0.000226141	0.00123501	0.000442014	0.003453831	9.82E-05	0.000954887	6.88E-06	0	0	0.00061301
DEL:MH:4:3	0.001661572	0.000161176	0.000143153	0.044166303	0.004481372	0.005017794	0.002664531	0.002044954	0.003045174	0.004963174	0.000760753	0.002548371	0.000176257	0.00049884	0.003166975	0.002578274	0.005286174	0.002935701	0.001862964	0.00518544	0.00466942	0.002702108	0.002764257	0.019568708	0.001867911	0.000972155	0.000282909	0.001606203	0.00054259	0.002433069	0.002622474	0.001144105	0.000175372	0	0	0.000668798
DEL:MH:5+:1	0.003079477	0.000588047	0.00497449	0.004537186	0.041157727	0.10083829	0.000301743	0.242515569	0.008351448	0.032477228	0.000190205	0.016189568	0.038460892	0.009318125	0.052062299	0.009387127	0.041704177	0.006507377	0.0049305	0.109362781	0.007431276	0.01046652	0.005295846	0.015649466	0.003722559	0.095693973	0.006726524	0.005607513	0.000498315	0.010670322	0.00992766	0.003106808	0.000362657	0	0.000685589	0.002304148
DEL:MH:5+:2	0.002826935	4.42E-05	0.004113187	0.003846924	0.023070511	0.216152157	0.000611761	0.14868303	0.007277899	0.020276578	0.000442902	0.005187356	0.022461927	0.005552084	0.046559897	0.005434865	0.018046929	0.008357437	0.004376189	0.063504861	0.00560564	0.012392627	0.003212871	0.013212222	0.008124977	0.062888519	0.003333482	0.000574659	0.000424344	0.007964183	0.004825011	0.000349592	0.00018218	0	0.000411353	0.002163122
DEL:MH:5+:3	0.001724652	0.000119617	0.002466694	0.006000908	0.011537841	0.172525775	0.000382593	0.072821662	0.003934587	0.013073435	0.000739256	0.008019561	0.009897625	0.004943299	0.027901152	0.006221109	0.002742341	0.002726288	0.002733331	0.03002285	0.005895382	0.006519581	0.003990456	0.011157781	0.007313659	0.042844235	0.00034433	0.001341599	0.00046704	0.015476861	0.002542817	0.001346735	0.000196091	0	0.000274236	0.00152811
DEL:MH:5+:4	0.000738163	4.17E-05	0.001312725	0.005506749	0.005128604	0.097218799	0.000368204	0.029210468	0.004544946	0.009480375	0.000235926	0.000988687	0.004446477	0.000546906	0.009920926	0.002520899	0.010678821	0.001092423	0.003000391	0.01271661	0.004007877	0.002536729	0.002737096	0.00679034	0.0029328	0.03313816	0.000335954	0.000582963	0.000222754	0.010233265	0.000116004	0.000386224	0.000216662	0	0.000274236	0.000854455
DEL:MH:5+:5+	0.002471525	0.000136819	0.001548649	0.00158737	0.003112276	0.078950208	0.002810823	0.020048878	0.009446052	0.010726412	0.000756294	0.003894848	0.014952969	0.004960495	0.009074513	0.008047209	0.006588425	0.001071439	0.003633543	0.00891952	0.003087514	0.004363087	0.004274523	0.003646419	0.003450584	0.202812995	0.004032378	0.001600223	0.000160607	0.017607964	0.012131744	0.000723989	0.000456263	0	0.000137118	0.002021616
