InDel89	InDel83	BestMatch83_1	BestMatch83_2	BestMatch83_3	BestMatch89_1	BestMatch89_2	BestMatch89_3	BestMatch476_1	BestMatch476_2	BestMatch476_3
InsDel1a	C_ID1	SP107784	SP116968	SP117290	SP107784	CPCT02010523T	SP117290	CPCT02010523T	SP107784	CPCT02050439T
InsDel1b	C_ID1	SP107784	SP116968	SP117290	SP21400	SP16886	SP22031	SP21400	SP16886	SP22031
InsDel1c	C_ID1	SP107784	SP116968	SP117290	SP112907	SP49229	CPCT02050439T	CPCT02050439T	CPCT02010523T	SP117290
InsDel2a	C_ID2	DRUP01080031T	DRUP01070038T	CPCT02330125T	CPCT02010955T	SP111119	CPCT02030277T	CPCT02030277T	CPCT02010955T	CPCT02010815T
InsDel2b	C_ID2	DRUP01080031T	DRUP01070038T	CPCT02330125T	SP96118	SP99301	SP93227	SP96118	SP99301	SP93227
InsDel2c	C_ID2	DRUP01080031T	DRUP01070038T	CPCT02330125T	DRUP01330020T	CPCT02330076T	CPCT02120032T	DRUP01330020T	CPCT02330076T	CPCT02120032T
InsDel3a	C_ID3	CPCT02020815T	CPCT02080086T	CPCT02220023T	CPCT02050436T	CPCT02020958T	CPCT02120107T	CPCT02050436T	CPCT02040113T	CPCT02020958T
InsDel3b	C_ID3	CPCT02020815T	CPCT02080086T	CPCT02220023T	CPCT02080086T	CPCT02020815T	CPCT02010373T	CPCT02020815T	DRUP01010078T	CPCT02010373T
InsDel4	C_ID4	SP23925	SP48008	CPCT02100089T	SP48008	SP23925	CPCT02100089T	SP23925	CPCT02100089T	SP48008
InsDel5a	C_ID5	SP102755	SP97161	SP103694	SP97194	SP39298	SP103706	SP97194	SP102755	SP97124
InsDel5b	C_ID5	SP102755	SP97161	SP103694	SP112290	SP107047	SP50147	SP112290	SP112168	SP50147
InsDel5c	C_ID5	SP102755	SP97161	SP103694	SP8564	SP10944	SP59803	SP59803	SP25494	SP62110
InsDel6	C_ID6	SP67609	SP102045	SP102035	SP102035	SP67609	SP62616	SP67609	CPCT02030278T	DRUP01020002T
InsDel7	C_ID7	SP85864	SP116871	SP13539	WIDE01010075T	CPCT02010441T	CPCT02010786T	WIDE01010075T	CPCT02050211T	DRUP01010022T
InsDel8	C_ID8	CPCT02070336T	SP116365	CPCT02240008T	CPCT02070336T	SP975	SP49124	CPCT02070336T	WIDE01010565T	CPCT02010639T
InsDel9	C_ID9	SP102617	SP121790	SP48850	SP102617	SP48850	SP121761	SP116520	SP121761	SP121781
InsDel10	C_ID10	SP116919	SP79354	SP109957	SP109957	CPCT02050117T	CPCT02020350T	SP116919	SP109957	SP114020
InsDel11	C_ID11	SP77956	WES::TCGA-13-0889-01A-01W-0420-08	SP99317	SP77956	WES::TCGA-13-0889-01A-01W-0420-08	DRUP01340014T	SP77956	CPCT02130184T	SP106631
InsDel12	C_ID12	SP112985	SP112959	SP80217	SP112947	SP112985	SP112959	SP112947	SP112985	SP112959
InsDel13	C_ID13	CPCT02050424T	SP124439	CPCT02060291T	CPCT02060291T	CPCT02020670T	CPCT02050424T	CPCT02050424T	CPCT02020670T	CPCT02020670TII
InsDel14	C_ID14	CPCT02340014T	DRUP01340003T	CPCT02050104T	CPCT02340014T	DRUP01340003T	CPCT02050104T	CPCT02340014T	DRUP01340003T	CPCT02050104T
InsDel15	C_ID15	WES::TCGA-EW-A2FV-01A-11D-A17D-09	WES::TCGA-D8-A27V-01A-12D-A17D-09	CPCT02390002T	WES::TCGA-EW-A2FV-01A-11D-A17D-09	WES::TCGA-D8-A27V-01A-12D-A17D-09	CPCT02020872T	WES::TCGA-EW-A2FV-01A-11D-A17D-09	WES::TCGA-D8-A27V-01A-12D-A17D-09	CPCT02390002T
InsDel16	C_ID16	SP124319	SP124439	SP82417	WES::TCGA-13-0889-01A-01W-0420-08	SP77956	DRUP01340014T	WES::TCGA-13-0889-01A-01W-0420-08	SP107439	DRUP01340015T
InsDel17	C_ID17	CPCT02250003T	SP116276	SP123969	CPCT02250003T	SP23483	SP116276	CPCT02250003T	CPCT02060261T	WIDE01010018T
InsDel18	C_ID18	CPCT02070053T	CPCT02020717T	CPCT02160021T	CPCT02070053T	CPCT02160021T	CPCT02020717T	CPCT02070053T	CPCT02160021T	CPCT02020717T
InsDel19a	C_ID19	CPCT02080139T	CPCT02060224T	CPCT02340081T	CPCT02010408TII	CPCT02110035T	CPCT02010458T	CPCT02010408T	CPCT02060033T	CPCT02340026T
InsDel19b	C_ID19	CPCT02080139T	CPCT02060224T	CPCT02340081T	CPCT02050192T	CPCT02060224T	CPCT02030471T	CPCT02340081T	CPCT02060224T	CPCT02030471T
InsDel19c	C_ID19	CPCT02080139T	CPCT02060224T	CPCT02340081T	CPCT02020734T	CPCT02020937T	CPCT02050376T	CPCT02340026T	CPCT02010486T	CPCT02080294T
InsDel23	C_ID23	SP102957	SP103507	SP103535	SP102957	SP103507	SP103535	SP102957	SP103507	SP103535
InsDel_A_alpha	ID_A	SP2293	SP3631	SP116593	CPCT02120078T	SP1132	SP116893	CPCT02120078T	CPCT02070232T	CPCT02150048T
InsDel_A_beta	ID_A	SP2293	SP3631	SP116593	SP2293	SP117369	SP3631	SP2293	CPCT02020436T	CPCT02080153T
InsDel_B	ID_B	SP112182	SP107047	SP99289	CPCT02020413T	SP29559	WIDE01010040T	CPCT02020413T	WIDE01010040T	CPCT02080045T
InsDel_C	ID_C	CPCT02010772T	SP102957	SP103507	CPCT02010772T	SP82445	SP124439	CPCT02010772T	CPCT02020796T	SP102973
InsDel_D	ID_D	CPCT02450014T	CPCT02130146T	SP78717	SP102133	CPCT02100101T	CPCT02130146T	SP102133	CPCT02100101T	WIDE01010443T
InsDel_E	ID_E	DRUP01340015T	DRUP01340003T	CPCT02340014T	DRUP01340014T	DRUP01340015T	DRUP01080024T	DRUP01340014T	DRUP01340015T	DRUP01080024T
InsDel_F	ID_F	SP5559	DRUP01030028T	CPCT02130170T	DRUP01030028T	CPCT02130170T	CPCT02340010T	DRUP01030028T	CPCT02130170T	CPCT02340010T
InsDel_G	ID_G	SP77956	SP99317	DRUP01030015T	DRUP01030015T	DRUP01270004T	CPCT02070394T	DRUP01030015T	DRUP01270004T	CPCT02070394T
InsDel_H	ID_H	CPCT02010648T	SP2714	CPCT02070360T	CPCT02010648T	CPCT02070484T	CPCT02010840T	CPCT02010648T	SP125584	SP79228
InsDel_I	ID_I	SP107439	SP116456	CPCT02090032T	SP107439	CPCT02140095T	SP124415	SP107439	CPCT02090032T	CPCT02460002T
InsDel_J	ID_J	SP86836	SP85818	SP80217	SP86836	SP85818	SP80217	SP85818	SP86836	SP80217
InsDel_K	ID_K	SP135192	SP116904	SP112257	SP17905	SP93227	SP111014	SP17905	SP93227	SP90209
InsDel_L	ID_L	SP78711	SP79192	SP70106	CPCT02450014T	CPCT02050149T	SP125696	CPCT02450014T	SP79243	CPCT02050149T
InsDel_M	ID_M	SP102617	SP112777	SP116545	SP112777	CPCT02230098T	CPCT02200005T	SP112777	CPCT02200005T	CPCT02230098T
InsDel_N_alpha	ID_N	SP111038	SP85339	SP59312	SP93227	SP90209	SP18946	SP90209	SP93227	SP18946
InsDel_N_beta	ID_N	SP111038	SP85339	SP59312	SP111031	CPCT02050089T	CPCT02210064T	CPCT02210064T	CPCT02050089T	CPCT02180068T
