	Lung::WIDE01010075T	Other::CPCT02020815T	Biliary::DRUP01010095T	Colon::CPCT02160034T	Lymphoid::CPCT02120032T	Breast::CPCT02020597TII	Ovary::CPCT02030278T	Skin::CPCT02050424T	Uterus::DRUP01340014T	Bladder::CPCT02070336T	Head::DRUP01030028T	Head::CPCT02070053T	Lung::CPCT02050439T	Ovary::CPCT02220006T	Colon::CPCT02340022T	CNS::CPCT02100089T	Other::CPCT02050348T	Colon::CPCT02010590T	Kidney::CPCT02020865T	WES::TCGA-EW-A2FV-01A-11D-A17D-09	Liver::CPCT02020413T	Other::CPCT02250003T	Skin::CPCT02340081T	Colon::CPCT02340014T	Breast::CPCT02190019T	Other::DRUP01030015T	Colon::CPCT02030357T	Breast::CPCT02050117T	Breast::CPCT02080153T	CNS::CPCT02100101T	Colon::CPCT02050057T	Stomach::CPCT02450014T	CNS::DRUP01050003T	Other::WIDE01010510T	Skin::CPCT02050376T	Colon::WIDE01010470T	Pancreas::DRUP01070119T	Bone.SoftTissue::CPCT02070357T	Lung::CPCT02390002T	Lung::CPCT02140057T	Skin::CPCT02050149T	Colon::DRUP01230004T	CNS::CPCT02060264T	Colon::CPCT02100131T	Bone.SoftTissue::CPCT02010648T
1	39	485	4	20	22	10	23	96	7	53	10	5	14	17	26	9	20	25	26	35	48	25	4	43	23	14	370	2	73	33	17	170	41	6	3	47	22	57	111	113	6	386	3	19	8
2	25	274	5	26	31	11	30	164	5	63	5	5	15	76	29	6	38	40	35	29	52	19	4	76	17	26	319	5	84	41	25	124	71	15	2	176	24	192	61	185	10	378	11	21	21
3	12	594	6	2	8	15	6	50	1	48	6	0	9	27	42	6	9	20	33	195	39	14	1	28	11	12	94	1	21	11	7	42	9	7	2	149	5	22	219	142	6	127	4	11	1
4	14	365	3	12	10	3	17	113	6	104	4	3	6	15	10	4	16	18	43	179	41	11	0	43	14	12	99	4	17	13	11	91	26	5	0	44	12	57	123	91	6	93	11	10	6
5	13	615	0	7	13	1	9	28	1	41	6	1	3	10	13	2	2	6	17	266	30	5	1	12	9	8	105	2	6	3	5	32	7	2	0	53	2	14	208	123	2	105	0	3	1
6	9	284	2	5	5	2	3	23	4	37	4	2	4	6	9	2	3	8	20	233	17	10	0	12	5	6	109	4	7	7	1	44	13	3	0	23	4	16	91	48	1	79	5	1	0
7	174	333	1	6	149	4	7	32	0	30	15	2	4	10	17	3	3	12	14	473	24	3	1	9	4	8	1353	3	7	9	11	158	22	10	1	87	23	12	142	61	2	1124	2	1	8
8	189	182	3	6	56	2	12	21	1	21	9	1	0	11	8	0	0	5	11	293	12	5	1	6	2	6	1361	2	1	11	1	233	16	1	3	42	28	18	78	35	1	1129	2	6	3
9	50	347	1	6	46	3	10	48	2	29	5	5	2	14	6	3	3	6	17	357	25	10	1	6	16	11	543	2	6	6	2	115	14	7	6	16	7	20	108	89	1	493	3	11	2
10	809	127	2	68	349	4	3	15	4	14	16	0	12	10	47	12	2	46	3	85	1	0	2	5	6	13	7790	3	10	131	27	1857	112	15	2	150	288	14	54	27	2	7276	3	33	4
11	79	132	6	91	45	13	14	966	5	104	11	408	20	5	161	8	10	69	72	67	68	36	4	36	18	10	843	8	10	40	25	320	155	20	14	660	49	58	50	69	3	741	9	19	16
12	56	27	1	27	28	5	5	49	0	40	4	295	13	8	99	1	2	32	72	165	40	17	2	20	4	5	273	2	1	14	6	113	77	9	3	415	19	23	15	20	3	275	3	6	1
13	53	93	2	19	24	7	8	43	6	60	6	130	4	4	49	3	2	20	53	147	54	8	0	17	5	2	334	3	3	3	5	114	41	8	4	211	16	21	32	33	7	283	5	11	3
14	62	154	6	13	22	9	13	233	5	51	2	7	8	10	11	5	5	25	33	77	32	23	1	16	7	6	338	6	6	18	5	127	25	5	1	62	12	27	56	51	5	359	3	7	7
15	69	99	4	8	40	7	7	51	6	52	5	8	16	8	27	5	4	13	45	231	51	12	0	26	14	6	490	3	7	7	9	124	25	5	4	56	19	38	26	50	3	399	3	12	7
16	69	219	3	6	21	1	13	28	4	52	7	2	15	13	4	0	5	15	39	257	46	16	1	12	11	5	338	8	10	18	10	58	16	11	1	21	16	38	55	65	4	292	8	5	10
17	54	44	1	10	78	4	8	456	0	41	5	10	10	4	21	7	5	18	26	69	33	18	2	10	4	5	280	4	7	6	7	67	36	32	3	169	14	33	25	31	4	271	2	6	6
18	54	19	1	7	78	3	7	28	0	38	2	7	5	4	30	3	2	6	32	169	33	4	0	7	3	2	262	2	2	10	3	49	28	5	0	124	6	39	4	21	3	221	3	5	3
19	57	74	2	16	65	8	12	35	2	34	3	2	9	7	17	1	2	15	26	176	41	9	0	17	4	5	370	4	4	10	11	57	24	91	0	75	14	38	24	29	0	338	2	11	2
20	1217	32	5	196	264	1	10	100	2	34	9	64	40	9	251	8	8	88	16	42	12	5	3	20	5	1	8442	5	0	134	38	3348	517	10	1	1933	313	36	15	22	3	7837	2	74	6
21	544	17	3	118	363	1	5	15	2	21	5	51	25	2	192	2	3	35	13	106	4	2	1	17	4	0	4044	2	7	73	28	2349	194	13	0	812	148	21	9	17	1	3560	1	47	6
22	736	22	2	107	146	2	9	14	1	16	3	62	16	6	112	3	7	47	16	83	11	2	1	12	5	6	6682	2	0	67	26	2587	200	3	1	658	246	32	15	14	2	5473	3	27	5
23	643	53	3	82	163	3	4	25	2	14	4	3	15	3	144	3	3	40	8	51	7	2	0	18	4	6	5299	1	4	66	22	1332	136	9	1	1042	158	21	24	12	0	4368	2	38	3
24	580	26	2	53	517	2	2	17	1	5	7	2	11	3	86	10	4	25	8	125	8	0	0	5	0	1	4329	1	1	57	10	1727	41	8	0	450	142	21	17	13	1	3924	6	17	3
25	565	43	1	58	106	1	1	10	0	5	3	0	11	1	33	2	0	25	10	86	2	2	0	5	0	5	5305	0	3	40	10	1111	52	5	0	239	179	19	17	17	1	4124	3	27	1
26	455	16	0	52	289	4	2	23	2	18	6	3	13	4	54	1	1	21	6	32	6	1	0	12	2	2	2980	1	1	43	13	1047	110	6	2	422	108	25	7	7	3	3039	4	14	3
27	333	11	1	50	316	2	3	9	0	2	1	2	6	1	39	1	1	19	8	87	7	1	0	1	1	5	2322	0	1	32	8	1313	40	4	0	234	108	13	3	14	2	2187	4	14	5
28	369	19	4	40	180	4	4	9	0	12	2	1	4	4	29	2	4	18	1	77	1	4	1	9	0	0	2746	2	0	29	15	1155	42	3	3	227	124	24	8	19	2	2555	4	10	2
29	3169	20	8	532	831	14	15	21	7	20	9	5	52	12	324	23	3	218	7	0	2	4	0	37	5	8	23090	0	4	637	142	8926	555	39	1	1851	1292	43	7	40	3	22595	10	219	2
30	2341	24	11	515	1343	7	8	17	5	11	5	10	47	7	200	15	8	195	3	0	2	5	1	47	1	13	17413	6	9	538	144	9852	289	26	2	995	1028	44	12	34	6	16135	8	202	7
31	1945	13	5	274	437	4	5	8	3	5	6	5	31	4	99	7	4	96	0	0	0	2	0	18	1	6	16641	0	5	379	67	5436	202	19	1	455	856	19	4	12	2	15203	3	102	6
32	1917	12	2	293	527	4	3	14	4	8	7	2	33	4	155	21	3	146	5	0	1	5	0	32	2	5	16309	3	8	369	102	4720	289	22	2	1032	755	26	3	15	2	14600	5	136	2
33	2562	17	2	401	2209	3	7	7	0	17	8	1	37	4	115	31	2	144	2	0	1	1	0	25	2	13	20133	1	5	440	104	7449	175	25	1	637	918	29	4	27	1	18447	5	115	5
34	2243	4	1	176	479	3	2	3	4	6	6	0	15	2	45	16	3	54	2	0	2	3	1	12	5	2	18963	2	4	251	50	4269	96	21	1	266	862	13	2	8	2	17093	3	86	1
35	1727	6	0	263	851	4	2	10	1	5	1	1	18	0	119	14	2	99	0	0	1	1	1	12	1	4	11171	2	2	453	82	4565	222	15	0	718	722	24	4	21	2	11196	4	79	5
36	1524	6	0	300	1145	4	0	7	1	5	3	1	25	4	80	15	5	114	0	0	1	0	2	19	3	7	10539	1	1	424	77	5707	140	19	0	414	730	19	1	21	0	10042	2	87	5
37	1163	4	0	137	495	1	1	9	0	1	2	1	12	4	35	8	2	60	0	0	2	1	1	10	1	4	9039	0	3	232	43	3225	92	7	1	159	532	7	1	6	1	8888	1	61	0
38	6	3	2	30	21	2	4	33	1	4	1	3	4	1	348	1	2	207	1	0	2	0	0	823	8	0	98	2	2	12	19	80	48	2	1	557	7	2	2	2	0	113	0	10	0
39	0	7	0	10	1	2	1	6	0	0	1	3	0	1	16	1	0	95	1	0	0	0	1	623	6	2	19	0	0	4	13	22	29	0	0	45	0	0	3	9	0	20	0	3	0
40	43	174	10	22	43	14	15	133	94	29	8	7	17	12	70	4	4	45	32	0	34	206	5	190	50	9	299	12	3	86	14	1336	334	10	19	112	34	13	55	38	6	261	3	20	13
41	132	94	12	31	155	10	1	14	17	6	6	2	14	7	56	2	1	10	9	0	4	41	3	12	7	6	1352	5	6	232	15	39268	924	6	11	131	41	9	15	25	19	907	1	15	3
42	167	6	21	33	136	6	2	13	4	3	4	2	41	3	40	2	1	24	4	0	1	0	1	5	1	5	1518	3	3	533	44	7775	930	14	8	81	110	12	1	3	8	1325	1	35	1
43	45	46	12	42	29	11	5	164	3	23	13	8	36	7	90	7	7	46	44	0	12	122	2	146	13	6	404	6	5	95	23	1998	805	10	8	292	40	17	12	10	4	361	7	23	4
44	14	22	6	8	15	4	2	74	2	7	0	2	21	7	23	0	2	11	14	0	7	9	1	15	8	3	143	2	4	21	6	4211	490	2	0	86	7	4	6	3	3	102	1	9	1
45	46	303	4	18	39	7	3	39	4	12	3	0	19	8	71	1	1	10	27	0	13	31	2	18	5	4	268	2	1	26	7	806	627	3	1	139	18	6	69	57	2	216	2	6	0
46	12	49	2	10	11	7	2	40	1	13	6	1	4	6	102	0	5	7	16	0	11	86	0	5	15	4	122	6	0	21	4	791	735	0	3	245	5	5	15	14	5	82	0	11	0
47	22	34	5	15	17	8	5	161	11	8	4	0	8	6	106	1	4	9	9	0	6	9	1	5	14	5	208	1	9	37	7	2001	1011	3	3	239	10	9	5	11	4	120	0	11	6
48	33	343	2	8	14	7	4	23	3	16	4	0	8	8	48	2	5	3	11	0	5	39	0	3	15	5	294	1	2	34	5	688	659	6	4	146	18	5	72	66	3	173	1	8	2
49	7	24	3	4	4	6	4	22	26	5	10	3	7	19	11	2	2	21	13	0	4	52	0	9	6	79	66	3	3	9	4	509	69	8	2	17	9	4	12	9	1	42	5	3	1
50	10	27	2	3	2	2	2	28	1	3	1	0	6	20	9	0	1	7	4	0	5	6	1	6	4	95	50	2	1	5	1	822	86	1	3	13	4	4	0	3	2	31	1	5	2
51	32	289	5	8	8	7	4	8	1	6	2	0	14	23	20	1	0	16	9	0	3	15	2	10	5	128	262	0	0	50	8	830	235	4	3	36	16	4	69	43	3	190	0	12	3
52	161	22	33	89	181	17	2	21	2	13	17	5	224	12	735	3	1	57	5	0	7	0	2	16	9	14	2193	7	9	447	87	10070	10891	18	4	1752	105	17	7	12	7	1477	6	71	2
53	140	21	46	72	198	21	7	43	3	8	15	13	350	17	511	3	3	54	1	0	3	5	2	26	10	13	1336	3	14	404	85	6590	6888	26	6	1134	73	20	13	12	7	1082	7	70	0
54	171	78	55	78	222	23	6	21	5	11	10	7	304	29	236	3	10	60	3	0	10	6	0	17	11	20	2013	7	13	502	73	8824	6933	30	10	679	126	24	23	16	10	1563	5	55	0
55	80	9	12	57	70	10	2	11	3	5	5	5	73	7	517	5	5	29	1	0	2	4	1	9	6	11	894	7	2	170	41	5975	3869	8	5	913	63	15	2	6	2	590	1	34	1
56	78	20	16	38	112	13	2	26	2	4	5	6	151	6	409	2	1	27	2	0	3	2	0	10	3	8	755	5	10	208	44	6297	3728	15	4	629	47	7	7	6	2	586	1	32	0
57	110	30	18	42	110	7	4	14	4	6	6	3	137	6	182	3	2	22	1	0	1	4	2	15	5	7	999	0	2	225	57	5698	2871	13	6	345	50	11	13	5	3	751	0	39	1
58	79	9	18	50	78	10	3	7	2	1	4	6	61	13	332	1	2	38	2	0	3	3	2	15	7	11	1058	3	6	304	29	3197	4001	8	2	763	42	10	8	5	4	635	3	32	1
59	84	14	20	50	81	11	7	30	1	2	8	1	106	6	387	2	1	30	0	0	1	6	1	10	4	9	1050	4	2	448	44	2639	4173	13	6	749	45	8	4	5	6	607	2	42	0
60	172	36	28	48	121	7	1	12	1	7	9	10	118	12	165	0	1	41	3	0	6	0	1	7	7	9	2037	2	4	777	65	4410	4299	16	6	411	114	16	6	7	5	1256	2	43	1
61	248	18	84	146	243	30	17	27	9	12	14	23	415	27	646	5	6	128	5	0	8	6	3	27	16	34	2410	10	21	1324	144	11761	10053	34	19	1007	175	36	9	25	17	1746	7	128	1
62	214	13	83	99	205	22	16	22	7	13	14	18	334	23	660	11	4	80	3	0	6	11	4	28	16	31	1858	6	18	1047	145	10856	9907	39	22	1147	164	30	10	21	18	1415	4	113	6
63	193	16	68	112	159	22	12	19	3	6	17	22	292	21	246	8	2	83	5	0	6	7	2	21	10	24	1875	5	16	1061	114	9239	7074	24	8	477	160	16	10	20	14	1521	6	89	0
64	174	13	38	80	131	14	9	11	3	8	15	13	219	13	316	5	3	62	0	0	8	9	2	21	9	22	1438	5	13	796	114	6694	6077	25	6	420	137	25	3	5	6	1076	1	65	1
65	156	11	50	73	127	14	8	11	4	4	17	15	217	10	440	3	8	71	2	0	4	14	3	12	7	21	1314	4	16	970	91	7707	9194	20	11	600	126	20	4	9	11	1031	6	77	6
66	202	15	66	97	159	18	12	11	8	9	11	12	193	11	170	3	6	53	1	0	2	4	3	12	6	17	1485	10	10	1138	93	8233	6815	29	13	268	164	18	4	14	6	1328	7	75	6
67	118	11	36	70	132	19	7	5	5	11	11	14	126	11	238	4	3	57	3	0	2	9	1	18	4	8	1300	3	8	792	78	3215	3873	21	12	404	95	17	3	12	7	923	7	60	3
68	112	7	38	52	125	14	3	15	3	2	11	11	141	13	319	5	2	67	0	0	3	8	1	14	11	18	1157	3	4	791	74	3343	4748	17	9	461	91	13	5	8	7	866	5	65	5
69	150	6	36	58	94	12	4	7	6	6	11	7	151	15	138	2	1	62	3	0	7	4	1	17	5	13	1528	7	10	933	68	3605	3736	14	11	221	129	15	5	9	4	1154	2	57	1
70	52	58	10	34	19	28	33	79	6	227	101	18	10	24	18	37	6	27	52	0	140	297	7	56	36	19	1113	9	12	27	16	251	43	11	9	50	19	54	18	27	5	1001	9	18	11
71	19	41	11	38	7	49	75	175	6	761	39	27	16	8	33	8	17	26	74	1	183	235	46	34	52	15	158	10	29	13	14	49	23	9	10	13	9	109	27	44	10	123	17	15	37
72	106	223	16	52	44	43	18	49	11	131	464	22	18	20	24	167	8	53	40	0	48	80	2	30	54	18	1956	19	19	63	38	295	78	17	10	52	79	29	76	49	11	1563	26	46	6
73	1262	64	5	139	360	11	18	29	7	27	45	21	14	3	45	54	8	50	12	0	21	14	2	9	15	8	48976	10	8	454	29	8010	231	12	9	164	459	29	22	31	7	44374	21	40	8
74	75	27	29	37	15	58	20	35	6	54	40	7	26	16	14	178	9	37	21	0	23	68	2	20	31	9	630	19	11	13	32	86	30	17	9	30	20	32	12	23	5	506	61	29	12
75	47	10	14	28	19	26	6	15	6	11	11	6	8	8	9	98	6	23	10	0	3	8	3	10	8	11	1109	4	5	33	23	218	41	9	2	17	17	21	3	6	2	1132	35	16	13
76	33	64	22	60	30	19	25	238	36	19	9	3	23	17	385	11	9	88	21	0	9	178	9	105	99	20	995	12	27	179	37	2050	734	18	23	544	113	35	20	36	20	921	9	27	7
77	116	60	22	71	38	46	29	336	12	49	28	21	24	18	438	22	21	62	18	0	21	41	123	81	86	25	747	22	71	182	57	1966	534	18	51	572	119	59	32	57	13	754	28	41	31
78	15	39	6	21	15	4	6	91	8	24	7	3	6	5	34	4	4	25	35	0	19	1096	4	12	33	9	143	7	19	38	12	371	103	4	6	44	24	8	13	17	4	137	5	23	3
79	6	16	8	26	4	14	14	98	2	12	7	1	8	4	21	3	5	26	20	0	16	22	5	21	10	10	64	23	8	10	11	50	24	4	8	29	7	8	6	18	7	50	5	20	8
80	93	46	6	32	36	17	11	73	1	16	14	4	7	11	58	3	5	41	33	0	15	368	4	12	20	6	920	11	10	169	25	5234	611	13	7	159	77	13	27	15	17	691	2	29	4
81	402	16	27	109	202	24	16	44	3	11	21	16	53	17	198	7	8	96	7	0	6	24	3	19	15	26	5148	3	10	1602	99	45970	13808	18	58	429	152	30	6	22	50	3994	10	100	5
82	43	76	9	36	17	30	21	57	7	238	348	18	21	19	20	63	5	35	47	0	119	258	8	20	41	17	1027	8	11	34	20	218	74	14	10	29	39	70	19	38	2	885	17	14	12
83	30	25	13	17	7	29	22	29	7	130	34	8	9	9	10	85	9	26	20	0	40	116	5	9	24	10	489	8	12	21	21	102	46	8	2	20	15	25	7	12	7	419	29	38	9
84	25	7	13	18	8	29	11	14	2	33	26	5	11	12	11	77	6	8	17	0	20	32	2	8	9	4	212	3	7	5	9	45	25	5	2	14	12	9	9	9	3	175	37	13	4
85	18	23	11	19	8	41	108	139	10	669	27	31	16	17	21	4	14	24	53	2	155	206	14	25	39	8	605	6	12	21	11	51	32	5	10	16	24	82	14	39	9	477	12	10	17
86	7	18	7	10	4	25	266	89	3	431	27	13	7	6	6	3	14	15	38	2	101	217	7	10	9	10	83	4	12	5	13	19	13	13	3	15	6	87	21	44	2	57	1	8	15
87	9	8	1	10	2	7	184	46	0	201	10	6	6	2	3	2	5	6	15	1	46	119	2	12	3	8	99	4	1	4	9	16	14	8	3	2	8	65	15	43	3	94	3	10	11
88	12	18	8	11	14	25	223	99	3	131	14	9	9	7	14	5	4	23	13	0	34	95	4	14	8	6	200	5	10	8	12	70	23	8	1	17	10	74	12	42	11	182	9	14	56
89	0	0	0	0	0	0	0	0	0	0	0	0	0	0	0	0	0	0	0	0	0	0	0	0	0	0	0	0	0	0	0	0	0	0	0	0	0	0	0	0	0	0	0	0	0
