"rc_visual","visual","count","pattern","short_visual","ins_or_del_seq","R","R_intuitive","L","mh_length","prefix","suffix"
"A<T>A","A<T>A",34,"A[Del(T):R1]A","<T>","T",1,1,1,NA,"A","A"
"C<T>A","C<T>A",29,"C[Del(T):R1]A","<T>","T",1,1,1,NA,"C","A"
"G<T>A","T<A>C",24,"G[Del(T):R1]A","<A>","T",1,1,1,NA,"T","C"
"A<T>[T]A","T<A>[A]T",23,"A[Del(T):R2]A","<A>[A]","T",2,1,1,NA,"T","T"
"T<C>[C]T","A<G>[G]A",22,"T[Del(C):R2]T","<G>[G]","C",2,1,1,NA,"A","A"
"A<T>A","T<A>T",21,"A[Del(T):R1]A","<A>","T",1,1,1,NA,"T","T"
"C<T>A","T<A>G",19,"C[Del(T):R1]A","<A>","T",1,1,1,NA,"T","G"
"T<C>[C]A","T<G>[G]A",19,"T[Del(C):R2]A","<G>[G]","C",2,1,1,NA,"T","A"
"T<C>[C]A","T<C>[C]A",18,"T[Del(C):R2]A","<C>[C]","C",2,1,1,NA,"T","A"
"T<C>[C]T","T<C>[C]T",17,"T[Del(C):R2]T","<C>[C]","C",2,1,1,NA,"T","T"
"G<T>A","G<T>A",14,"G[Del(T):R1]A","<T>","T",1,1,1,NA,"G","A"
"A<T>G","C<A>T",13,"A[Del(T):R1]G","<A>","T",1,1,1,NA,"C","T"
"A<T>[T]A","A<T>[T]A",13,"A[Del(T):R2]A","<T>[T]","T",2,1,1,NA,"A","A"
"A<T>G","A<T>G",12,"A[Del(T):R1]G","<T>","T",1,1,1,NA,"A","G"
"C<T>G","C<T>G",11,"C[Del(T):R1]G","<T>","T",1,1,1,NA,"C","G"
"G<T>G","G<T>G",11,"G[Del(T):R1]G","<T>","T",1,1,1,NA,"G","G"
"G<T>[T]A","G<T>[T]A",10,"G[Del(T):R2]A","<T>[T]","T",2,1,1,NA,"G","A"
"T<C>[CC]T","A<G>[GG]A",10,"T[Del(C):R3]T","<G>[GG]","C",3,2,1,NA,"A","A"
"G<C>[C]A","G<C>[C]A",9,"G[Del(C):R2]A","<C>[C]","C",2,1,1,NA,"G","A"
"G<T>G","C<A>C",9,"G[Del(T):R1]G","<A>","T",1,1,1,NA,"C","C"
"T<C>A","T<C>A",9,"T[Del(C):R1]A","<C>","C",1,1,1,NA,"T","A"
"C<T>G","C<A>G",8,"C[Del(T):R1]G","<A>","T",1,1,1,NA,"C","G"
"T<C>[CC]T","T<C>[CC]T",8,"T[Del(C):R3]T","<C>[CC]","C",3,2,1,NA,"T","T"
"A<TG>A","A<TG>A",7,"Del2:U(2,):R1","<TG>","TG",1,1,2,NA,"A","A"
"A<{G}T>{G}A","A<{G}T>{G}A",7,"Del2:M1","<{G}T>{G}","GT",1,NA,2,1,"A","A"
"G<T>[T]A","T<A>[A]C",7,"G[Del(T):R2]A","<A>[A]","T",2,1,1,NA,"T","C"
"T<C>[CC]A","T<G>[GG]A",7,"T[Del(C):R3]A","<G>[GG]","C",3,2,1,NA,"T","A"
"A<C>[C]A","A<C>[C]A",6,"A[Del(C):R2]A","<C>[C]","C",2,1,1,NA,"A","A"
"C<T>[T]A","T<A>[A]G",6,"C[Del(T):R2]A","<A>[A]","T",2,1,1,NA,"T","G"
"T<C>A","T<G>A",6,"T[Del(C):R1]A","<G>","C",1,1,1,NA,"T","A"
"C<AT>[AT]A","C<AT>[AT]A",5,"Del2:U2:R2","<AT>[AT]","AT",2,1,2,NA,"C","A"
"C<TG>[TG]A","C<TG>[TG]A",5,"Del2:U2:R2","<TG>[TG]","TG",2,1,2,NA,"C","A"
"G<C>[C]A","T<G>[G]C",5,"G[Del(C):R2]A","<G>[G]","C",2,1,1,NA,"T","C"
"G<TA>[TA]A","G<TA>[TA]A",5,"Del2:U2:R2","<TA>[TA]","TA",2,1,2,NA,"G","A"
"G<{G}T>{G}A","G<{G}T>{G}A",5,"Del2:M1","<{G}T>{G}","GT",1,NA,2,1,"G","A"
"T<C>[CCC]A","T<C>[CCC]A",5,"T[Del(C):R4]A","<C>[CCC]","C",4,3,1,NA,"T","A"
"T<C>[CCC]A","T<G>[GGG]A",5,"T[Del(C):R4]A","<G>[GGG]","C",4,3,1,NA,"T","A"
"T<C>[CC]A","T<C>[CC]A",5,"T[Del(C):R3]A","<C>[CC]","C",3,2,1,NA,"T","A"
"T<CA>T","T<CA>T",5,"Del2:U(2,):R1","<CA>","CA",1,1,2,NA,"T","T"
"T<CA>[CA]G","T<CA>[CA]G",4,"Del2:U2:R2","<CA>[CA]","CA",2,1,2,NA,"T","G"
"A<C>[C]A","T<G>[G]T",3,"A[Del(C):R2]A","<G>[G]","C",2,1,1,NA,"T","T"
"A<GT>[GT]G","A<GT>[GT]G",3,"Del2:U2:R2","<GT>[GT]","GT",2,1,2,NA,"A","G"
"C<T>[T]A","C<T>[T]A",3,"C[Del(T):R2]A","<T>[T]","T",2,1,1,NA,"C","A"
"C<TA>[TA]C","C<TA>[TA]C",3,"Del2:U2:R2","<TA>[TA]","TA",2,1,2,NA,"C","C"
"C<TA>[TA]T","C<TA>[TA]T",3,"Del2:U2:R2","<TA>[TA]","TA",2,1,2,NA,"C","T"
"T<TA>[TATA]T","T<TA>[TATA]T",3,"Del2:U2:R3","<TA>[TATA]","TA",3,2,2,NA,"T","T"
"T<TA>[TA]C","T<TA>[TA]C",3,"Del2:U2:R2","<TA>[TA]","TA",2,1,2,NA,"T","C"
"A<AT>[AT]A","A<AT>[AT]A",2,"Del2:U2:R2","<AT>[AT]","AT",2,1,2,NA,"A","A"
"A<TG>[TG]A","A<TG>[TG]A",2,"Del2:U2:R2","<TG>[TG]","TG",2,1,2,NA,"A","A"
"C<CA>[CACA]G","C<CA>[CACA]G",2,"Del2:U2:R3","<CA>[CACA]","CA",3,2,2,NA,"C","G"
"C<TA>[TA]A","C<TA>[TA]A",2,"Del2:U2:R2","<TA>[TA]","TA",2,1,2,NA,"C","A"
"G<TA>[TATA]T","G<TA>[TATA]T",2,"Del2:U2:R3","<TA>[TATA]","TA",3,2,2,NA,"G","T"
"G<TA>[TA]C","G<TA>[TA]C",2,"Del2:U2:R2","<TA>[TA]","TA",2,1,2,NA,"G","C"
"G<{T}A>{T}T","G<{T}A>{T}T",2,"Del2:M1","<{T}A>{T}","TA",1,NA,2,1,"G","T"
"T<CA>[CA]C","T<CA>[CA]C",2,"Del2:U2:R2","<CA>[CA]","CA",2,1,2,NA,"T","C"
"T<TA>[TA]A","T<TA>[TA]A",2,"Del2:U2:R2","<TA>[TA]","TA",2,1,2,NA,"T","A"
"T<TG>[TG]A","T<TG>[TG]A",2,"Del2:U2:R2","<TG>[TG]","TG",2,1,2,NA,"T","A"
"T<{C}A>{C}C","T<{C}A>{C}C",2,"Del2:M1","<{C}A>{C}","CA",1,NA,2,1,"T","C"
"T<{T}A>{T}T","T<{T}A>{T}T",2,"Del2:M1","<{T}A>{T}","TA",1,NA,2,1,"T","T"
"A<AC>[AC]A","A<AC>[AC]A",1,"Del2:U2:R2","<AC>[AC]","AC",2,1,2,NA,"A","A"
"A<AT>C","A<AT>C",1,"Del2:U(2,):R1","<AT>","AT",1,1,2,NA,"A","C"
"A<AT>G","A<AT>G",1,"Del2:U(2,):R1","<AT>","AT",1,1,2,NA,"A","G"
"A<AT>[ATAT]A","A<AT>[ATAT]A",1,"Del2:U2:R3","<AT>[ATAT]","AT",3,2,2,NA,"A","A"
"A<CT>T","A<CT>T",1,"Del2:U(2,):R1","<CT>","CT",1,1,2,NA,"A","T"
"A<GT>A","A<GT>A",1,"Del2:U(2,):R1","<GT>","GT",1,1,2,NA,"A","A"
"A<GT>[GTGT]A","A<GT>[GTGT]A",1,"Del2:U2:R3","<GT>[GTGT]","GT",3,2,2,NA,"A","A"
"A<TG>[TGTG]T","A<TG>[TGTG]T",1,"Del2:U2:R3","<TG>[TGTG]","TG",3,2,2,NA,"A","T"
"A<{A}T>{A}A","A<{A}T>{A}A",1,"Del2:M1","<{A}T>{A}","AT",1,NA,2,1,"A","A"
"A<{A}T>{A}C","A<{A}T>{A}C",1,"Del2:M1","<{A}T>{A}","AT",1,NA,2,1,"A","C"
"A<{A}T>{A}G","A<{A}T>{A}G",1,"Del2:M1","<{A}T>{A}","AT",1,NA,2,1,"A","G"
"A<{G}T>{G}C","A<{G}T>{G}C",1,"Del2:M1","<{G}T>{G}","GT",1,NA,2,1,"A","C"
"A<{T}C>{T}T","A<{T}C>{T}T",1,"Del2:M1","<{T}C>{T}","TC",1,NA,2,1,"A","T"
"A<{T}G>{T}A","A<{T}G>{T}A",1,"Del2:M1","<{T}G>{T}","TG",1,NA,2,1,"A","A"
"C<AT>[ATAT]A","C<AT>[ATAT]A",1,"Del2:U2:R3","<AT>[ATAT]","AT",3,2,2,NA,"C","A"
"C<AT>[ATAT]T","C<AT>[ATAT]T",1,"Del2:U2:R3","<AT>[ATAT]","AT",3,2,2,NA,"C","T"
"C<CA>A","C<CA>A",1,"Del2:U(2,):R1","<CA>","CA",1,1,2,NA,"C","A"
"C<CA>[CACA]A","C<CA>[CACA]A",1,"Del2:U2:R3","<CA>[CACA]","CA",3,2,2,NA,"C","A"
"C<CA>[CACA]T","C<CA>[CACA]T",1,"Del2:U2:R3","<CA>[CACA]","CA",3,2,2,NA,"C","T"
"C<CA>[CA]T","C<CA>[CA]T",1,"Del2:U2:R2","<CA>[CA]","CA",2,1,2,NA,"C","T"
"C<CT>A","C<CT>A",1,"Del2:U(2,):R1","<CT>","CT",1,1,2,NA,"C","A"
"C<CT>G","C<AG>G",1,"Del2:U(2,):R1","<AG>","AG",1,1,2,NA,"C","G"
"C<GT>[GTGT]T","C<GT>[GTGT]T",1,"Del2:U2:R3","<GT>[GTGT]","GT",3,2,2,NA,"C","T"
"C<GT>[GT]G","C<GT>[GT]G",1,"Del2:U2:R2","<GT>[GT]","GT",2,1,2,NA,"C","G"
"C<TA>A","C<TA>A",1,"Del2:U(2,):R1","<TA>","TA",1,1,2,NA,"C","A"
"C<TA>[TATA]T","C<TA>[TATA]T",1,"Del2:U2:R3","<TA>[TATA]","TA",3,2,2,NA,"C","T"
"C<TG>A","C<TG>A",1,"Del2:U(2,):R1","<TG>","TG",1,1,2,NA,"C","A"
"C<TG>[TG]T","C<TG>[TG]T",1,"Del2:U2:R2","<TG>[TG]","TG",2,1,2,NA,"C","T"
"C<{A}T>{A}G","C<{A}T>{A}G",1,"Del2:M1","<{A}T>{A}","AT",1,NA,2,1,"C","G"
"C<{C}T>{C}A","T<{G}A>{G}G",1,"Del2:M1","<{G}A>{G}","GA",1,NA,2,1,"T","G"
"C<{C}T>{C}C","C<{C}T>{C}C",1,"Del2:M1","<{C}T>{C}","CT",1,NA,2,1,"C","C"
"C<{T}A>{T}T","C<{T}A>{T}T",1,"Del2:M1","<{T}A>{T}","TA",1,NA,2,1,"C","T"
"C<{T}G>{T}C","C<{T}G>{T}C",1,"Del2:M1","<{T}G>{T}","TG",1,NA,2,1,"C","C"
"C<{T}G>{T}T","C<{T}G>{T}T",1,"Del2:M1","<{T}G>{T}","TG",1,NA,2,1,"C","T"
"G<AC>[ACAC]A","G<AC>[ACAC]A",1,"Del2:U2:R3","<AC>[ACAC]","AC",3,2,2,NA,"G","A"
"G<AC>[AC]A","G<AC>[AC]A",1,"Del2:U2:R2","<AC>[AC]","AC",2,1,2,NA,"G","A"
"G<AT>[ATAT]A","G<AT>[ATAT]A",1,"Del2:U2:R3","<AT>[ATAT]","AT",3,2,2,NA,"G","A"
"G<AT>[ATAT]T","G<AT>[ATAT]T",1,"Del2:U2:R3","<AT>[ATAT]","AT",3,2,2,NA,"G","T"
"G<CA>[CACA]C","G<CA>[CACA]C",1,"Del2:U2:R3","<CA>[CACA]","CA",3,2,2,NA,"G","C"
"G<CT>G","C<AG>C",1,"Del2:U(2,):R1","<AG>","AG",1,1,2,NA,"C","C"
"G<CT>G","G<CT>G",1,"Del2:U(2,):R1","<CT>","CT",1,1,2,NA,"G","G"
"G<GC>C","G<GC>C",1,"Del2:U(2,):R1","<GC>","GC",1,1,2,NA,"G","C"
"G<GC>T","G<GC>T",1,"Del2:U(2,):R1","<GC>","GC",1,1,2,NA,"G","T"
"G<GT>[GT]G","G<GT>[GT]G",1,"Del2:U2:R2","<GT>[GT]","GT",2,1,2,NA,"G","G"
"G<TA>C","G<TA>C",1,"Del2:U(2,):R1","<TA>","TA",1,1,2,NA,"G","C"
"G<TA>[TA]G","G<TA>[TA]G",1,"Del2:U2:R2","<TA>[TA]","TA",2,1,2,NA,"G","G"
"G<TC>G","C<GA>C",1,"Del2:U(2,):R1","<GA>","GA",1,1,2,NA,"C","C"
"G<TC>[TCTC]A","T<GA>[GAGA]C",1,"Del2:U2:R3","<GA>[GAGA]","GA",3,2,2,NA,"T","C"
"G<{A}C>{A}T","G<{A}C>{A}T",1,"Del2:M1","<{A}C>{A}","AC",1,NA,2,1,"G","T"
"G<{A}T>{A}C","G<{A}T>{A}C",1,"Del2:M1","<{A}T>{A}","AT",1,NA,2,1,"G","C"
"G<{A}T>{A}G","G<{A}T>{A}G",1,"Del2:M1","<{A}T>{A}","AT",1,NA,2,1,"G","G"
"G<{C}A>{C}C","G<{C}A>{C}C",1,"Del2:M1","<{C}A>{C}","CA",1,NA,2,1,"G","C"
"G<{T}A>{T}C","G<{T}A>{T}C",1,"Del2:M1","<{T}A>{T}","TA",1,NA,2,1,"G","C"
"T<AC>[AC]A","T<AC>[AC]A",1,"Del2:U2:R2","<AC>[AC]","AC",2,1,2,NA,"T","A"
"T<CA>[CACA]A","T<CA>[CACA]A",1,"Del2:U2:R3","<CA>[CACA]","CA",3,2,2,NA,"T","A"
"T<CA>[CACA]T","T<CA>[CACA]T",1,"Del2:U2:R3","<CA>[CACA]","CA",3,2,2,NA,"T","T"
"T<CA>[CA]T","T<CA>[CA]T",1,"Del2:U2:R2","<CA>[CA]","CA",2,1,2,NA,"T","T"
"T<CT>[CTCT]G","C<AG>[AGAG]A",1,"Del2:U2:R3","<AG>[AGAG]","AG",3,2,2,NA,"C","A"
"T<CT>[CT]T","A<AG>[AG]A",1,"Del2:U2:R2","<AG>[AG]","AG",2,1,2,NA,"A","A"
"T<TA>C","T<TA>C",1,"Del2:U(2,):R1","<TA>","TA",1,1,2,NA,"T","C"
"T<TA>[TATA]G","T<TA>[TATA]G",1,"Del2:U2:R3","<TA>[TATA]","TA",3,2,2,NA,"T","G"
"T<TA>[TA]T","T<TA>[TA]T",1,"Del2:U2:R2","<TA>[TA]","TA",2,1,2,NA,"T","T"
"T<TC>[TCTC]A","T<GA>[GAGA]A",1,"Del2:U2:R3","<GA>[GAGA]","GA",3,2,2,NA,"T","A"
"T<TC>[TC]T","T<TC>[TC]T",1,"Del2:U2:R2","<TC>[TC]","TC",2,1,2,NA,"T","T"
"T<TG>[TGTG]A","T<TG>[TGTG]A",1,"Del2:U2:R3","<TG>[TGTG]","TG",3,2,2,NA,"T","A"
"T<TG>[TG]C","T<TG>[TG]C",1,"Del2:U2:R2","<TG>[TG]","TG",2,1,2,NA,"T","C"
"T<{A}C>{A}G","T<{A}C>{A}G",1,"Del2:M1","<{A}C>{A}","AC",1,NA,2,1,"T","G"
"T<{C}A>{C}T","T<{C}A>{C}T",1,"Del2:M1","<{C}A>{C}","CA",1,NA,2,1,"T","T"
"T<{T}A>{T}G","T<{T}A>{T}G",1,"Del2:M1","<{T}A>{T}","TA",1,NA,2,1,"T","G"
"T<{T}C>{T}G","T<{T}C>{T}G",1,"Del2:M1","<{T}C>{T}","TC",1,NA,2,1,"T","G"
"T<{T}C>{T}T","A<{A}G>{A}A",1,"Del2:M1","<{A}G>{A}","AG",1,NA,2,1,"A","A"
"T<{T}C>{T}T","T<{T}C>{T}T",1,"Del2:M1","<{T}C>{T}","TC",1,NA,2,1,"T","T"
